id,source_sha256,locator,release_date,kind
ev:lrae_navwar_2023-06:row28,48ad6e27241aa862ceb860678bb96dddb5ab83dfff6009481f7f58c86e091511,LRAE Annex 25!row 28,2023-06-20,spreadsheet_row
ev:lrae_navwar_2023-06:row29,48ad6e27241aa862ceb860678bb96dddb5ab83dfff6009481f7f58c86e091511,LRAE Annex 25!row 29,2023-06-20,spreadsheet_row
ev:lrae_navwar_2023-06:row30,48ad6e27241aa862ceb860678bb96dddb5ab83dfff6009481f7f58c86e091511,LRAE Annex 25!row 30,2023-06-20,spreadsheet_row
ev:lrae_navwar_2023-06:row156,48ad6e27241aa862ceb860678bb96dddb5ab83dfff6009481f7f58c86e091511,LRAE Annex 25!row 156,2023-06-20,spreadsheet_row
ev:lrae_navwar_2023-06:row157,48ad6e27241aa862ceb860678bb96dddb5ab83dfff6009481f7f58c86e091511,LRAE Annex 25!row 157,2023-06-20,spreadsheet_row
ev:lrae_navwar_2023-06:row158,48ad6e27241aa862ceb860678bb96dddb5ab83dfff6009481f7f58c86e091511,LRAE Annex 25!row 158,2023-06-20,spreadsheet_row
ev:lrae_navwar_2023-06:row159,48ad6e27241aa862ceb860678bb96dddb5ab83dfff6009481f7f58c86e091511,LRAE Annex 25!row 159,2023-06-20,spreadsheet_row
ev:lrae_navwar_2023-06:row160,48ad6e27241aa862ceb860678bb96dddb5ab83dfff6009481f7f58c86e091511,LRAE Annex 25!row 160,2023-06-20,spreadsheet_row
ev:lrae_navwar_2023-06:row161,48ad6e27241aa862ceb860678bb96dddb5ab83dfff6009481f7f58c86e091511,LRAE Annex 25!row 161,2023-06-20,spreadsheet_row
ev:lrae_navwar_2023-06:row162,48ad6e27241aa862ceb860678bb96dddb5ab83dfff6009481f7f58c86e091511,LRAE Annex 25!row 162,2023-06-20,spreadsheet_row
ev:lrae_navwar_2023-06:row169,48ad6e27241aa862ceb860678bb96dddb5ab83dfff6009481f7f58c86e091511,LRAE Annex 25!row 169,2023-06-20,spreadsheet_row
ev:lrae_navwar_2023-06:row171,48ad6e27241aa862ceb860678bb96dddb5ab83dfff6009481f7f58c86e091511,LRAE Annex 25!row 171,2023-06-20,spreadsheet_row
ev:lrae_navwar_2023-06:row172,48ad6e27241aa862ceb860678bb96dddb5ab83dfff6009481f7f58c86e091511,LRAE Annex 25!row 172,2023-06-20,spreadsheet_row
ev:lrae_navwar_2023-06:row173,48ad6e27241aa862ceb860678bb96dddb5ab83dfff6009481f7f58c86e091511,LRAE Annex 25!row 173,2023-06-20,spreadsheet_row
ev:lrae_navwar_2023-06:row174,48ad6e27241aa862ceb860678bb96dddb5ab83dfff6009481f7f58c86e091511,LRAE Annex 25!row 174,2023-06-20,spreadsheet_row
ev:lrae_navwar_2023-06:row175,48ad6e27241aa862ceb860678bb96dddb5ab83dfff6009481f7f58c86e091511,LRAE Annex 25!row 175,2023-06-20,spreadsheet_row
ev:lrae_navwar_2023-06:row176,48ad6e27241aa862ceb860678bb96dddb5ab83dfff6009481f7f58c86e091511,LRAE Annex 25!row 176,2023-06-20,spreadsheet_row
ev:lrae_navwar_2023-06:row177,48ad6e27241aa862ceb860678bb96dddb5ab83dfff6009481f7f58c86e091511,LRAE Annex 25!row 177,2023-06-20,spreadsheet_row
ev:lrae_navwar_2023-06:row178,48ad6e27241aa862ceb860678bb96dddb5ab83dfff6009481f7f58c86e091511,LRAE Annex 25!row 178,2023-06-20,spreadsheet_row
ev:lrae_navwar_2023-06:row179,48ad6e27241aa862ceb860678bb96dddb5ab83dfff6009481f7f58c86e091511,LRAE Annex 25!row 179,2023-06-20,spreadsheet_row
ev:lrae_navwar_2023-06:row180,48ad6e27241aa862ceb860678bb96dddb5ab83dfff6009481f7f58c86e091511,LRAE Annex 25!row 180,2023-06-20,spreadsheet_row
ev:lrae_navwar_2023-06:row181,48ad6e27241aa862ceb860678bb96dddb5ab83dfff6009481f7f58c86e091511,LRAE Annex 25!row 181,2023-06-20,spreadsheet_row
ev:lrae_navwar_2023-06:row182,48ad6e27241aa862ceb860678bb96dddb5ab83dfff6009481f7f58c86e091511,LRAE Annex 25!row 182,2023-06-20,spreadsheet_row
ev:lrae_navwar_2023-06:row183,48ad6e27241aa862ceb860678bb96dddb5ab83dfff6009481f7f58c86e091511,LRAE Annex 25!row 183,2023-06-20,spreadsheet_row
ev:lrae_navwar_2023-06:row184,48ad6e27241aa862ceb860678bb96dddb5ab83dfff6009481f7f58c86e091511,LRAE Annex 25!row 184,2023-06-20,spreadsheet_row
ev:lrae_navwar_2023-06:row187,48ad6e27241aa862ceb860678bb96dddb5ab83dfff6009481f7f58c86e091511,LRAE Annex 25!row 187,2023-06-20,spreadsheet_row
ev:lrae_navwar_2023-06:row189,48ad6e27241aa862ceb860678bb96dddb5ab83dfff6009481f7f58c86e091511,LRAE Annex 25!row 189,2023-06-20,spreadsheet_row
ev:lrae_navwar_2023-06:row191,48ad6e27241aa862ceb860678bb96dddb5ab83dfff6009481f7f58c86e091511,LRAE Annex 25!row 191,2023-06-20,spreadsheet_row
ev:lrae_navwar_2023-06:row192,48ad6e27241aa862ceb860678bb96dddb5ab83dfff6009481f7f58c86e091511,LRAE Annex 25!row 192,2023-06-20,spreadsheet_row
ev:lrae_navwar_2023-06:row193,48ad6e27241aa862ceb860678bb96dddb5ab83dfff6009481f7f58c86e091511,LRAE Annex 25!row 193,2023-06-20,spreadsheet_row
ev:lrae_navwar_2023-06:row194,48ad6e27241aa862ceb860678bb96dddb5ab83dfff6009481f7f58c86e091511,LRAE Annex 25!row 194,2023-06-20,spreadsheet_row
ev:lrae_navwar_2023-06:row195,48ad6e27241aa862ceb860678bb96dddb5ab83dfff6009481f7f58c86e091511,LRAE Annex 25!row 195,2023-06-20,spreadsheet_row
ev:lrae_navwar_2023-06:row196,48ad6e27241aa862ceb860678bb96dddb5ab83dfff6009481f7f58c86e091511,LRAE Annex 25!row 196,2023-06-20,spreadsheet_row
ev:lrae_navwar_2023-06:row197,48ad6e27241aa862ceb860678bb96dddb5ab83dfff6009481f7f58c86e091511,LRAE Annex 25!row 197,2023-06-20,spreadsheet_row
ev:lrae_navwar_2023-06:row198,48ad6e27241aa862ceb860678bb96dddb5ab83dfff6009481f7f58c86e091511,LRAE Annex 25!row 198,2023-06-20,spreadsheet_row
ev:lrae_navwar_2023-06:row199,48ad6e27241aa862ceb860678bb96dddb5ab83dfff6009481f7f58c86e091511,LRAE Annex 25!row 199,2023-06-20,spreadsheet_row
ev:lrae_navwar_2023-06:row200,48ad6e27241aa862ceb860678bb96dddb5ab83dfff6009481f7f58c86e091511,LRAE Annex 25!row 200,2023-06-20,spreadsheet_row
ev:lrae_navwar_2023-06:row201,48ad6e27241aa862ceb860678bb96dddb5ab83dfff6009481f7f58c86e091511,LRAE Annex 25!row 201,2023-06-20,spreadsheet_row
ev:lrae_navwar_2023-06:row202,48ad6e27241aa862ceb860678bb96dddb5ab83dfff6009481f7f58c86e091511,LRAE Annex 25!row 202,2023-06-20,spreadsheet_row
ev:lrae_navwar_2023-06:row203,48ad6e27241aa862ceb860678bb96dddb5ab83dfff6009481f7f58c86e091511,LRAE Annex 25!row 203,2023-06-20,spreadsheet_row
ev:lrae_navwar_2023-06:row204,48ad6e27241aa862ceb860678bb96dddb5ab83dfff6009481f7f58c86e091511,LRAE Annex 25!row 204,2023-06-20,spreadsheet_row
ev:lrae_navwar_2023-06:row205,48ad6e27241aa862ceb860678bb96dddb5ab83dfff6009481f7f58c86e091511,LRAE Annex 25!row 205,2023-06-20,spreadsheet_row
ev:lrae_navwar_2023-06:row206,48ad6e27241aa862ceb860678bb96dddb5ab83dfff6009481f7f58c86e091511,LRAE Annex 25!row 206,2023-06-20,spreadsheet_row
ev:lrae_navwar_2023-06:row207,48ad6e27241aa862ceb860678bb96dddb5ab83dfff6009481f7f58c86e091511,LRAE Annex 25!row 207,2023-06-20,spreadsheet_row
ev:lrae_navwar_2023-06:row208,48ad6e27241aa862ceb860678bb96dddb5ab83dfff6009481f7f58c86e091511,LRAE Annex 25!row 208,2023-06-20,spreadsheet_row
ev:lrae_navwar_2023-06:row209,48ad6e27241aa862ceb860678bb96dddb5ab83dfff6009481f7f58c86e091511,LRAE Annex 25!row 209,2023-06-20,spreadsheet_row
ev:lrae_navwar_2023-06:row221,48ad6e27241aa862ceb860678bb96dddb5ab83dfff6009481f7f58c86e091511,LRAE Annex 25!row 221,2023-06-20,spreadsheet_row
ev:lrae_navwar_2023-06:row222,48ad6e27241aa862ceb860678bb96dddb5ab83dfff6009481f7f58c86e091511,LRAE Annex 25!row 222,2023-06-20,spreadsheet_row
ev:lrae_navwar_2023-06:row223,48ad6e27241aa862ceb860678bb96dddb5ab83dfff6009481f7f58c86e091511,LRAE Annex 25!row 223,2023-06-20,spreadsheet_row
ev:lrae_navwar_2023-06:row224,48ad6e27241aa862ceb860678bb96dddb5ab83dfff6009481f7f58c86e091511,LRAE Annex 25!row 224,2023-06-20,spreadsheet_row
ev:lrae_navwar_2023-06:row374,48ad6e27241aa862ceb860678bb96dddb5ab83dfff6009481f7f58c86e091511,LRAE Annex 25!row 374,2023-06-20,spreadsheet_row
ev:lrae_navwar_2023-06:row375,48ad6e27241aa862ceb860678bb96dddb5ab83dfff6009481f7f58c86e091511,LRAE Annex 25!row 375,2023-06-20,spreadsheet_row
ev:lrae_navwar_2023-06:row376,48ad6e27241aa862ceb860678bb96dddb5ab83dfff6009481f7f58c86e091511,LRAE Annex 25!row 376,2023-06-20,spreadsheet_row
ev:lrae_navwar_2023-06:row377,48ad6e27241aa862ceb860678bb96dddb5ab83dfff6009481f7f58c86e091511,LRAE Annex 25!row 377,2023-06-20,spreadsheet_row
ev:lrae_navwar_2023-06:row378,48ad6e27241aa862ceb860678bb96dddb5ab83dfff6009481f7f58c86e091511,LRAE Annex 25!row 378,2023-06-20,spreadsheet_row
ev:lrae_navwar_2023-06:row379,48ad6e27241aa862ceb860678bb96dddb5ab83dfff6009481f7f58c86e091511,LRAE Annex 25!row 379,2023-06-20,spreadsheet_row
ev:lrae_navwar_2023-06:row380,48ad6e27241aa862ceb860678bb96dddb5ab83dfff6009481f7f58c86e091511,LRAE Annex 25!row 380,2023-06-20,spreadsheet_row
ev:lrae_navwar_2023-06:row381,48ad6e27241aa862ceb860678bb96dddb5ab83dfff6009481f7f58c86e091511,LRAE Annex 25!row 381,2023-06-20,spreadsheet_row
ev:lrae_navwar_2023-06:row382,48ad6e27241aa862ceb860678bb96dddb5ab83dfff6009481f7f58c86e091511,LRAE Annex 25!row 382,2023-06-20,spreadsheet_row
ev:lrae_navwar_2023-06:row383,48ad6e27241aa862ceb860678bb96dddb5ab83dfff6009481f7f58c86e091511,LRAE Annex 25!row 383,2023-06-20,spreadsheet_row
ev:lrae_navwar_2023-06:row384,48ad6e27241aa862ceb860678bb96dddb5ab83dfff6009481f7f58c86e091511,LRAE Annex 25!row 384,2023-06-20,spreadsheet_row
ev:lrae_navwar_2023-06:row385,48ad6e27241aa862ceb860678bb96dddb5ab83dfff6009481f7f58c86e091511,LRAE Annex 25!row 385,2023-06-20,spreadsheet_row
ev:lrae_navwar_2023-06:row386,48ad6e27241aa862ceb860678bb96dddb5ab83dfff6009481f7f58c86e091511,LRAE Annex 25!row 386,2023-06-20,spreadsheet_row
ev:lrae_navwar_2023-06:row387,48ad6e27241aa862ceb860678bb96dddb5ab83dfff6009481f7f58c86e091511,LRAE Annex 25!row 387,2023-06-20,spreadsheet_row
ev:lrae_navwar_2023-06:row388,48ad6e27241aa862ceb860678bb96dddb5ab83dfff6009481f7f58c86e091511,LRAE Annex 25!row 388,2023-06-20,spreadsheet_row
ev:lrae_navwar_2023-06:row389,48ad6e27241aa862ceb860678bb96dddb5ab83dfff6009481f7f58c86e091511,LRAE Annex 25!row 389,2023-06-20,spreadsheet_row
ev:lrae_navwar_2023-06:row390,48ad6e27241aa862ceb860678bb96dddb5ab83dfff6009481f7f58c86e091511,LRAE Annex 25!row 390,2023-06-20,spreadsheet_row
ev:lrae_navwar_2023-06:row391,48ad6e27241aa862ceb860678bb96dddb5ab83dfff6009481f7f58c86e091511,LRAE Annex 25!row 391,2023-06-20,spreadsheet_row
ev:lrae_navwar_2023-06:row392,48ad6e27241aa862ceb860678bb96dddb5ab83dfff6009481f7f58c86e091511,LRAE Annex 25!row 392,2023-06-20,spreadsheet_row
ev:lrae_navwar_2023-06:row393,48ad6e27241aa862ceb860678bb96dddb5ab83dfff6009481f7f58c86e091511,LRAE Annex 25!row 393,2023-06-20,spreadsheet_row
ev:lrae_navwar_2023-06:row394,48ad6e27241aa862ceb860678bb96dddb5ab83dfff6009481f7f58c86e091511,LRAE Annex 25!row 394,2023-06-20,spreadsheet_row
ev:lrae_navwar_2023-06:row395,48ad6e27241aa862ceb860678bb96dddb5ab83dfff6009481f7f58c86e091511,LRAE Annex 25!row 395,2023-06-20,spreadsheet_row
ev:lrae_navwar_2023-06:row396,48ad6e27241aa862ceb860678bb96dddb5ab83dfff6009481f7f58c86e091511,LRAE Annex 25!row 396,2023-06-20,spreadsheet_row
ev:lrae_navwar_2023-06:row400,48ad6e27241aa862ceb860678bb96dddb5ab83dfff6009481f7f58c86e091511,LRAE Annex 25!row 400,2023-06-20,spreadsheet_row
ev:lrae_navwar_2023-06:row401,48ad6e27241aa862ceb860678bb96dddb5ab83dfff6009481f7f58c86e091511,LRAE Annex 25!row 401,2023-06-20,spreadsheet_row
ev:lrae_navwar_2023-06:row403,48ad6e27241aa862ceb860678bb96dddb5ab83dfff6009481f7f58c86e091511,LRAE Annex 25!row 403,2023-06-20,spreadsheet_row
ev:lrae_navwar_2023-06:row404,48ad6e27241aa862ceb860678bb96dddb5ab83dfff6009481f7f58c86e091511,LRAE Annex 25!row 404,2023-06-20,spreadsheet_row
ev:lrae_navwar_2023-06:row405,48ad6e27241aa862ceb860678bb96dddb5ab83dfff6009481f7f58c86e091511,LRAE Annex 25!row 405,2023-06-20,spreadsheet_row
ev:lrae_navwar_2023-06:row406,48ad6e27241aa862ceb860678bb96dddb5ab83dfff6009481f7f58c86e091511,LRAE Annex 25!row 406,2023-06-20,spreadsheet_row
ev:lrae_navwar_2023-06:row407,48ad6e27241aa862ceb860678bb96dddb5ab83dfff6009481f7f58c86e091511,LRAE Annex 25!row 407,2023-06-20,spreadsheet_row
ev:lrae_navwar_2023-06:row408,48ad6e27241aa862ceb860678bb96dddb5ab83dfff6009481f7f58c86e091511,LRAE Annex 25!row 408,2023-06-20,spreadsheet_row
ev:lrae_navwar_2023-06:row409,48ad6e27241aa862ceb860678bb96dddb5ab83dfff6009481f7f58c86e091511,LRAE Annex 25!row 409,2023-06-20,spreadsheet_row
ev:lrae_navwar_2023-06:row410,48ad6e27241aa862ceb860678bb96dddb5ab83dfff6009481f7f58c86e091511,LRAE Annex 25!row 410,2023-06-20,spreadsheet_row
ev:lrae_navwar_2023-06:row411,48ad6e27241aa862ceb860678bb96dddb5ab83dfff6009481f7f58c86e091511,LRAE Annex 25!row 411,2023-06-20,spreadsheet_row
ev:lrae_navwar_2023-06:row412,48ad6e27241aa862ceb860678bb96dddb5ab83dfff6009481f7f58c86e091511,LRAE Annex 25!row 412,2023-06-20,spreadsheet_row
ev:lrae_navwar_2023-06:row413,48ad6e27241aa862ceb860678bb96dddb5ab83dfff6009481f7f58c86e091511,LRAE Annex 25!row 413,2023-06-20,spreadsheet_row
ev:lrae_navwar_2023-06:row414,48ad6e27241aa862ceb860678bb96dddb5ab83dfff6009481f7f58c86e091511,LRAE Annex 25!row 414,2023-06-20,spreadsheet_row
ev:lrae_navwar_2023-06:row415,48ad6e27241aa862ceb860678bb96dddb5ab83dfff6009481f7f58c86e091511,LRAE Annex 25!row 415,2023-06-20,spreadsheet_row
ev:lrae_navwar_2023-06:row416,48ad6e27241aa862ceb860678bb96dddb5ab83dfff6009481f7f58c86e091511,LRAE Annex 25!row 416,2023-06-20,spreadsheet_row
ev:lrae_navwar_2023-06:row417,48ad6e27241aa862ceb860678bb96dddb5ab83dfff6009481f7f58c86e091511,LRAE Annex 25!row 417,2023-06-20,spreadsheet_row
ev:lrae_navwar_2023-06:row418,48ad6e27241aa862ceb860678bb96dddb5ab83dfff6009481f7f58c86e091511,LRAE Annex 25!row 418,2023-06-20,spreadsheet_row
ev:lrae_navwar_2023-06:row419,48ad6e27241aa862ceb860678bb96dddb5ab83dfff6009481f7f58c86e091511,LRAE Annex 25!row 419,2023-06-20,spreadsheet_row
ev:lrae_navwar_2023-06:row420,48ad6e27241aa862ceb860678bb96dddb5ab83dfff6009481f7f58c86e091511,LRAE Annex 25!row 420,2023-06-20,spreadsheet_row
ev:lrae_navwar_2023-06:row423,48ad6e27241aa862ceb860678bb96dddb5ab83dfff6009481f7f58c86e091511,LRAE Annex 25!row 423,2023-06-20,spreadsheet_row
ev:lrae_navwar_2023-06:row424,48ad6e27241aa862ceb860678bb96dddb5ab83dfff6009481f7f58c86e091511,LRAE Annex 25!row 424,2023-06-20,spreadsheet_row
ev:lrae_navwar_2023-06:row425,48ad6e27241aa862ceb860678bb96dddb5ab83dfff6009481f7f58c86e091511,LRAE Annex 25!row 425,2023-06-20,spreadsheet_row
ev:lrae_navwar_2023-06:row426,48ad6e27241aa862ceb860678bb96dddb5ab83dfff6009481f7f58c86e091511,LRAE Annex 25!row 426,2023-06-20,spreadsheet_row
ev:lrae_navwar_2023-06:row427,48ad6e27241aa862ceb860678bb96dddb5ab83dfff6009481f7f58c86e091511,LRAE Annex 25!row 427,2023-06-20,spreadsheet_row
ev:lrae_navwar_2023-06:row428,48ad6e27241aa862ceb860678bb96dddb5ab83dfff6009481f7f58c86e091511,LRAE Annex 25!row 428,2023-06-20,spreadsheet_row
ev:lrae_navwar_2023-06:row429,48ad6e27241aa862ceb860678bb96dddb5ab83dfff6009481f7f58c86e091511,LRAE Annex 25!row 429,2023-06-20,spreadsheet_row
ev:lrae_navwar_2023-06:row430,48ad6e27241aa862ceb860678bb96dddb5ab83dfff6009481f7f58c86e091511,LRAE Annex 25!row 430,2023-06-20,spreadsheet_row
ev:lrae_navwar_2023-06:row431,48ad6e27241aa862ceb860678bb96dddb5ab83dfff6009481f7f58c86e091511,LRAE Annex 25!row 431,2023-06-20,spreadsheet_row
ev:lrae_navwar_2023-06:row432,48ad6e27241aa862ceb860678bb96dddb5ab83dfff6009481f7f58c86e091511,LRAE Annex 25!row 432,2023-06-20,spreadsheet_row
ev:lrae_navwar_2023-06:row632,48ad6e27241aa862ceb860678bb96dddb5ab83dfff6009481f7f58c86e091511,LRAE Annex 25!row 632,2023-06-20,spreadsheet_row
ev:lrae_navwar_2023-06:row633,48ad6e27241aa862ceb860678bb96dddb5ab83dfff6009481f7f58c86e091511,LRAE Annex 25!row 633,2023-06-20,spreadsheet_row
ev:lrae_navwar_2023-06:row634,48ad6e27241aa862ceb860678bb96dddb5ab83dfff6009481f7f58c86e091511,LRAE Annex 25!row 634,2023-06-20,spreadsheet_row
ev:lrae_navwar_2023-06:row635,48ad6e27241aa862ceb860678bb96dddb5ab83dfff6009481f7f58c86e091511,LRAE Annex 25!row 635,2023-06-20,spreadsheet_row
ev:lrae_navwar_2023-06:row636,48ad6e27241aa862ceb860678bb96dddb5ab83dfff6009481f7f58c86e091511,LRAE Annex 25!row 636,2023-06-20,spreadsheet_row
ev:lrae_navwar_2023-06:row637,48ad6e27241aa862ceb860678bb96dddb5ab83dfff6009481f7f58c86e091511,LRAE Annex 25!row 637,2023-06-20,spreadsheet_row
ev:lrae_navwar_2023-06:row638,48ad6e27241aa862ceb860678bb96dddb5ab83dfff6009481f7f58c86e091511,LRAE Annex 25!row 638,2023-06-20,spreadsheet_row
ev:lrae_navwar_2023-06:row639,48ad6e27241aa862ceb860678bb96dddb5ab83dfff6009481f7f58c86e091511,LRAE Annex 25!row 639,2023-06-20,spreadsheet_row
ev:lrae_navwar_2023-06:row640,48ad6e27241aa862ceb860678bb96dddb5ab83dfff6009481f7f58c86e091511,LRAE Annex 25!row 640,2023-06-20,spreadsheet_row
ev:lrae_navwar_2023-06:row641,48ad6e27241aa862ceb860678bb96dddb5ab83dfff6009481f7f58c86e091511,LRAE Annex 25!row 641,2023-06-20,spreadsheet_row
ev:lrae_navwar_2023-06:row642,48ad6e27241aa862ceb860678bb96dddb5ab83dfff6009481f7f58c86e091511,LRAE Annex 25!row 642,2023-06-20,spreadsheet_row
ev:lrae_navwar_2023-06:row643,48ad6e27241aa862ceb860678bb96dddb5ab83dfff6009481f7f58c86e091511,LRAE Annex 25!row 643,2023-06-20,spreadsheet_row
ev:lrae_navwar_2023-06:row644,48ad6e27241aa862ceb860678bb96dddb5ab83dfff6009481f7f58c86e091511,LRAE Annex 25!row 644,2023-06-20,spreadsheet_row
ev:lrae_navwar_2023-06:row645,48ad6e27241aa862ceb860678bb96dddb5ab83dfff6009481f7f58c86e091511,LRAE Annex 25!row 645,2023-06-20,spreadsheet_row
ev:lrae_navwar_2023-06:row646,48ad6e27241aa862ceb860678bb96dddb5ab83dfff6009481f7f58c86e091511,LRAE Annex 25!row 646,2023-06-20,spreadsheet_row
ev:lrae_navwar_2023-06:row647,48ad6e27241aa862ceb860678bb96dddb5ab83dfff6009481f7f58c86e091511,LRAE Annex 25!row 647,2023-06-20,spreadsheet_row
ev:lrae_navwar_2023-06:row648,48ad6e27241aa862ceb860678bb96dddb5ab83dfff6009481f7f58c86e091511,LRAE Annex 25!row 648,2023-06-20,spreadsheet_row
ev:lrae_navwar_2023-06:row649,48ad6e27241aa862ceb860678bb96dddb5ab83dfff6009481f7f58c86e091511,LRAE Annex 25!row 649,2023-06-20,spreadsheet_row
ev:lrae_navwar_2023-06:row650,48ad6e27241aa862ceb860678bb96dddb5ab83dfff6009481f7f58c86e091511,LRAE Annex 25!row 650,2023-06-20,spreadsheet_row
ev:lrae_navwar_2023-06:row651,48ad6e27241aa862ceb860678bb96dddb5ab83dfff6009481f7f58c86e091511,LRAE Annex 25!row 651,2023-06-20,spreadsheet_row
ev:lrae_navwar_2023-06:row652,48ad6e27241aa862ceb860678bb96dddb5ab83dfff6009481f7f58c86e091511,LRAE Annex 25!row 652,2023-06-20,spreadsheet_row
ev:lrae_navwar_2023-06:row653,48ad6e27241aa862ceb860678bb96dddb5ab83dfff6009481f7f58c86e091511,LRAE Annex 25!row 653,2023-06-20,spreadsheet_row
ev:lrae_navwar_2023-06:row656,48ad6e27241aa862ceb860678bb96dddb5ab83dfff6009481f7f58c86e091511,LRAE Annex 25!row 656,2023-06-20,spreadsheet_row
ev:lrae_navwar_2023-06:row657,48ad6e27241aa862ceb860678bb96dddb5ab83dfff6009481f7f58c86e091511,LRAE Annex 25!row 657,2023-06-20,spreadsheet_row
