id,need_id,observation_type,as_stated,amount_low_usd,amount_high_usd,fiscal_year,period,evidence_id
fund:lrae_navwar_2025-06:N00039-23-RFPREQ-PMW-740-0070,need:lrae_navwar_2025-06:N00039-23-RFPREQ-PMW-740-0070,procurement_estimate,$100M - $250M,100000000,250000000,FY26,Q2,ev:lrae_navwar_2025-06:row10
fund:lrae_navwar_2025-06:N00039-24-RFPREQ-PMW-740-0052,need:lrae_navwar_2025-06:N00039-24-RFPREQ-PMW-740-0052,procurement_estimate,No Range Specified,,,FY26,Q1,ev:lrae_navwar_2025-06:row14
fund:lrae_navwar_2025-06:N00039-24-RFPREQ-PMW-740-0053,need:lrae_navwar_2025-06:N00039-24-RFPREQ-PMW-740-0053,procurement_estimate,$7.5M - $50M,7500000,50000000,FY25,Q4,ev:lrae_navwar_2025-06:row15
fund:lrae_navwar_2025-06:N00039-25-RFPREQ-PMW-160-0001,need:lrae_navwar_2025-06:N00039-25-RFPREQ-PMW-160-0001,procurement_estimate,$2M - $7.5M,2000000,7500000,FY25,Q3,ev:lrae_navwar_2025-06:row16
fund:lrae_navwar_2025-06:N00039-24-RFPREQ-PMW/A-170-0061,need:lrae_navwar_2025-06:N00039-24-RFPREQ-PMW/A-170-0061,procurement_estimate,$2M - $7.5M,2000000,7500000,FY25,Q3,ev:lrae_navwar_2025-06:row17
fund:lrae_navwar_2025-06:N00039-24-RFPREQ-PMW-770-0011,need:lrae_navwar_2025-06:N00039-24-RFPREQ-PMW-770-0011,procurement_estimate,$100M - $250M,100000000,250000000,FY26,Q4,ev:lrae_navwar_2025-06:row18
fund:lrae_navwar_2025-06:N00039-24-RFPREQ-PMW/A-170-0170,need:lrae_navwar_2025-06:N00039-24-RFPREQ-PMW/A-170-0170,procurement_estimate,< $2M,0,2000000,FY26,Q2,ev:lrae_navwar_2025-06:row19
fund:lrae_navwar_2025-06:N00039-22-RFPREQ-PMW/A-170-0002,need:lrae_navwar_2025-06:N00039-22-RFPREQ-PMW/A-170-0002,procurement_estimate,$7.5M - $50M,7500000,50000000,FY25,Q4,ev:lrae_navwar_2025-06:row97
fund:lrae_navwar_2025-06:N00039-24-RFPREQ-PMW/A-170-0013,need:lrae_navwar_2025-06:N00039-24-RFPREQ-PMW/A-170-0013,procurement_estimate,$7.5M - $50M,7500000,50000000,FY25,Q4,ev:lrae_navwar_2025-06:row98
fund:lrae_navwar_2025-06:N00039-22-RFPREQ-PMW/A-170-0021,need:lrae_navwar_2025-06:N00039-22-RFPREQ-PMW/A-170-0021,procurement_estimate,> $1B+,1000000000,,FY26,Q1,ev:lrae_navwar_2025-06:row99
fund:lrae_navwar_2025-06:N00039-23-RFPREQ-PMW/A-170-0155,need:lrae_navwar_2025-06:N00039-23-RFPREQ-PMW/A-170-0155,procurement_estimate,$250M - $1B,250000000,1000000000,FY26,Q4,ev:lrae_navwar_2025-06:row100
fund:lrae_navwar_2025-06:N00039-23-RFPREQ-PMW/A-170-0173,need:lrae_navwar_2025-06:N00039-23-RFPREQ-PMW/A-170-0173,procurement_estimate,$250M - $1B,250000000,1000000000,FY27,Q2,ev:lrae_navwar_2025-06:row101
fund:lrae_navwar_2025-06:N00039-24-RFPREQ-PMW-750-0001,need:lrae_navwar_2025-06:N00039-24-RFPREQ-PMW-750-0001,procurement_estimate,$7.5M - $50M,7500000,50000000,FY25,Q3,ev:lrae_navwar_2025-06:row103
fund:lrae_navwar_2025-06:N00039-24-RFPREQ-PMW-750-0002,need:lrae_navwar_2025-06:N00039-24-RFPREQ-PMW-750-0002,procurement_estimate,$7.5M - $50M,7500000,50000000,FY25,Q3,ev:lrae_navwar_2025-06:row104
fund:lrae_navwar_2025-06:N00039-24-RFPREQ-PMW-750-0003,need:lrae_navwar_2025-06:N00039-24-RFPREQ-PMW-750-0003,procurement_estimate,$7.5M - $50M,7500000,50000000,FY26,Q1,ev:lrae_navwar_2025-06:row105
fund:lrae_navwar_2025-06:N00039-24-RFPREQ-PMW-120-0001,need:lrae_navwar_2025-06:N00039-24-RFPREQ-PMW-120-0001,procurement_estimate,$100M - $250M,100000000,250000000,FY26,Q2,ev:lrae_navwar_2025-06:row106
fund:lrae_navwar_2025-06:N00039-24-RFPREQ-PEO-C4I-0001,need:lrae_navwar_2025-06:N00039-24-RFPREQ-PEO-C4I-0001,procurement_estimate,$50M - $100M,50000000,100000000,FY25,Q3,ev:lrae_navwar_2025-06:row107
fund:lrae_navwar_2025-06:N00039-25-RFPREQ-PMW/A-170-0001,need:lrae_navwar_2025-06:N00039-25-RFPREQ-PMW/A-170-0001,procurement_estimate,$250M - $1B,250000000,1000000000,FY27,Q2,ev:lrae_navwar_2025-06:row108
fund:lrae_navwar_2025-06:N00039-24-RFPREQ-PMW/A-170-0004,need:lrae_navwar_2025-06:N00039-24-RFPREQ-PMW/A-170-0004,procurement_estimate,$250M - $1B,250000000,1000000000,FY26,Q2,ev:lrae_navwar_2025-06:row109
fund:lrae_navwar_2025-06:N00039-23-RFPREQ-PMA/PMW-101-0017,need:lrae_navwar_2025-06:N00039-23-RFPREQ-PMA/PMW-101-0017,procurement_estimate,$250M - $1B,250000000,1000000000,FY25,Q3,ev:lrae_navwar_2025-06:row111
fund:lrae_navwar_2025-06:N00039-24-RFPREQ-PMW/A-170-0014,need:lrae_navwar_2025-06:N00039-24-RFPREQ-PMW/A-170-0014,procurement_estimate,$2M - $7.5M,2000000,7500000,FY25,Q3,ev:lrae_navwar_2025-06:row112
fund:lrae_navwar_2025-06:N00039-25-RFPREQ-PMW-740-0006,need:lrae_navwar_2025-06:N00039-25-RFPREQ-PMW-740-0006,procurement_estimate,$7.5M - $50M,7500000,50000000,FY26,Q1,ev:lrae_navwar_2025-06:row113
fund:lrae_navwar_2025-06:N00039-24-RFPREQ-PMW-740-0005,need:lrae_navwar_2025-06:N00039-24-RFPREQ-PMW-740-0005,procurement_estimate,$50M - $100M,50000000,100000000,FY26,Q2,ev:lrae_navwar_2025-06:row114
fund:lrae_navwar_2025-06:N00039-26-RFPREQ-PMA/PMW-101-0003,need:lrae_navwar_2025-06:N00039-26-RFPREQ-PMA/PMW-101-0003,procurement_estimate,$7.5M - $50M,7500000,50000000,FY28,Q2,ev:lrae_navwar_2025-06:row115
fund:lrae_navwar_2025-06:N00039-24-RFPREQ-PMW-770-0008,need:lrae_navwar_2025-06:N00039-24-RFPREQ-PMW-770-0008,procurement_estimate,$50M - $100M,50000000,100000000,FY26,Q4,ev:lrae_navwar_2025-06:row116
fund:lrae_navwar_2025-06:N00039-24-RFPREQ-PMW-770-0009,need:lrae_navwar_2025-06:N00039-24-RFPREQ-PMW-770-0009,procurement_estimate,$50M - $100M,50000000,100000000,FY25,Q4,ev:lrae_navwar_2025-06:row117
fund:lrae_navwar_2025-06:N00039-26-RFPREQ-PMA/PMW-101-0005,need:lrae_navwar_2025-06:N00039-26-RFPREQ-PMA/PMW-101-0005,procurement_estimate,< $2M,0,2000000,FY27,Q2,ev:lrae_navwar_2025-06:row120
fund:lrae_navwar_2025-06:N00039-25-RFPREQ-PMW-740-0005,need:lrae_navwar_2025-06:N00039-25-RFPREQ-PMW-740-0005,procurement_estimate,$7.5M - $50M,7500000,50000000,FY26,Q1,ev:lrae_navwar_2025-06:row121
fund:lrae_navwar_2025-06:N00039-24-RFPREQ-PMW-740-0055,need:lrae_navwar_2025-06:N00039-24-RFPREQ-PMW-740-0055,procurement_estimate,$50M - $100M,50000000,100000000,FY26,Q2,ev:lrae_navwar_2025-06:row122
fund:lrae_navwar_2025-06:N00039-24-RFPREQ-PMW-740-0007,need:lrae_navwar_2025-06:N00039-24-RFPREQ-PMW-740-0007,procurement_estimate,$50M - $100M,50000000,100000000,FY25,Q4,ev:lrae_navwar_2025-06:row123
fund:lrae_navwar_2025-06:N00039-26-RFPREQ-PMW-740-0003,need:lrae_navwar_2025-06:N00039-26-RFPREQ-PMW-740-0003,procurement_estimate,$7.5M - $50M,7500000,50000000,FY25,Q4,ev:lrae_navwar_2025-06:row126
fund:lrae_navwar_2025-06:N00039-23-RFPREQ-PMW-160-0108,need:lrae_navwar_2025-06:N00039-23-RFPREQ-PMW-160-0108,procurement_estimate,$250M - $1B,250000000,1000000000,FY26,Q1,ev:lrae_navwar_2025-06:row127
fund:lrae_navwar_2025-06:N00039-24-RFPREQ-PMW-160-0002,need:lrae_navwar_2025-06:N00039-24-RFPREQ-PMW-160-0002,procurement_estimate,$250M - $1B,250000000,1000000000,FY26,Q3,ev:lrae_navwar_2025-06:row128
fund:lrae_navwar_2025-06:N00039-24-RFPREQ-PMW/A-170-0015,need:lrae_navwar_2025-06:N00039-24-RFPREQ-PMW/A-170-0015,procurement_estimate,$7.5M - $50M,7500000,50000000,FY25,Q4,ev:lrae_navwar_2025-06:row133
fund:lrae_navwar_2025-06:N00039-25-RFPREQ-PMW-150-0067,need:lrae_navwar_2025-06:N00039-25-RFPREQ-PMW-150-0067,procurement_estimate,$7.5M - $50M,7500000,50000000,FY27,Q2,ev:lrae_navwar_2025-06:row139
fund:lrae_navwar_2025-06:N00039-25-RFPREQ-PMW-150-0002,need:lrae_navwar_2025-06:N00039-25-RFPREQ-PMW-150-0002,procurement_estimate,$2M - $7.5M,2000000,7500000,FY26,Q1,ev:lrae_navwar_2025-06:row140
fund:lrae_navwar_2025-06:N00039-26-RFPREQ-PMW-740-0005,need:lrae_navwar_2025-06:N00039-26-RFPREQ-PMW-740-0005,procurement_estimate,$100M - $250M,100000000,250000000,FY28,Q1,ev:lrae_navwar_2025-06:row141
fund:lrae_navwar_2025-06:N00039-24-RFPREQ-PMW-160-0068,need:lrae_navwar_2025-06:N00039-24-RFPREQ-PMW-160-0068,procurement_estimate,$50M - $100M,50000000,100000000,FY25,Q4,ev:lrae_navwar_2025-06:row142
fund:lrae_navwar_2025-06:N00039-24-RFPREQ-C4IEXEC-0002,need:lrae_navwar_2025-06:N00039-24-RFPREQ-C4IEXEC-0002,procurement_estimate,$100M - $250M,100000000,250000000,FY26,Q4,ev:lrae_navwar_2025-06:row143
fund:lrae_navwar_2025-06:N00039-24-RFPREQ-PEO-C4I-0012,need:lrae_navwar_2025-06:N00039-24-RFPREQ-PEO-C4I-0012,procurement_estimate,$250M - $1B,250000000,1000000000,FY25,Q4,ev:lrae_navwar_2025-06:row145
fund:lrae_navwar_2025-06:N00039-24-RFPREQ-PMW/A-170-0413,need:lrae_navwar_2025-06:N00039-24-RFPREQ-PMW/A-170-0413,procurement_estimate,$7.5M - $50M,7500000,50000000,FY25,Q4,ev:lrae_navwar_2025-06:row147
fund:lrae_navwar_2025-06:N00039-24-RFPREQ-PMW-740-0059,need:lrae_navwar_2025-06:N00039-24-RFPREQ-PMW-740-0059,procurement_estimate,$7.5M - $50M,7500000,50000000,FY26,Q1,ev:lrae_navwar_2025-06:row148
fund:lrae_navwar_2025-06:N00039-25-RFPREQ-PMW-740-0061,need:lrae_navwar_2025-06:N00039-25-RFPREQ-PMW-740-0061,procurement_estimate,< $2M,0,2000000,FY25,Q4,ev:lrae_navwar_2025-06:row149
fund:lrae_navwar_2025-06:N00039-24-RFPREQ-PMW-760-0052,need:lrae_navwar_2025-06:N00039-24-RFPREQ-PMW-760-0052,procurement_estimate,No Range Specified,,,FY25,Q4,ev:lrae_navwar_2025-06:row153
fund:lrae_navwar_2025-06:N00039-24-RFPREQ-PMW-760-0055,need:lrae_navwar_2025-06:N00039-24-RFPREQ-PMW-760-0055,procurement_estimate,No Range Specified,,,FY26,Q3,ev:lrae_navwar_2025-06:row156
fund:lrae_navwar_2025-06:N00039-24-RFPREQ-PMA/PMW-101-0115,need:lrae_navwar_2025-06:N00039-24-RFPREQ-PMA/PMW-101-0115,procurement_estimate,< $2M,0,2000000,FY25,Q3,ev:lrae_navwar_2025-06:row159
fund:lrae_navwar_2025-06:N00039-24-RFPREQ-PMW-150-0157,need:lrae_navwar_2025-06:N00039-24-RFPREQ-PMW-150-0157,procurement_estimate,$50M - $100M,50000000,100000000,FY26,Q4,ev:lrae_navwar_2025-06:row160
fund:lrae_navwar_2025-06:N00039-24-RFPREQ-PMW-740-0078,need:lrae_navwar_2025-06:N00039-24-RFPREQ-PMW-740-0078,procurement_estimate,No Range Specified,,,FY25,Q4,ev:lrae_navwar_2025-06:row161
fund:lrae_navwar_2025-06:N00039-24-RFPREQ-PMA/PMW-101-0267,need:lrae_navwar_2025-06:N00039-24-RFPREQ-PMA/PMW-101-0267,procurement_estimate,< $2M,0,2000000,FY25,Q3,ev:lrae_navwar_2025-06:row162
fund:lrae_navwar_2025-06:N00039-24-RFPREQ-PMW-770-0044,need:lrae_navwar_2025-06:N00039-24-RFPREQ-PMW-770-0044,procurement_estimate,$7.5M - $50M,7500000,50000000,FY26,Q4,ev:lrae_navwar_2025-06:row163
fund:lrae_navwar_2025-06:N00039-24-RFPREQ-PMW-760-0068,need:lrae_navwar_2025-06:N00039-24-RFPREQ-PMW-760-0068,procurement_estimate,$2M - $7.5M,2000000,7500000,FY25,Q4,ev:lrae_navwar_2025-06:row165
fund:lrae_navwar_2025-06:N00039-24-RFPREQ-PMW/A-170-0543,need:lrae_navwar_2025-06:N00039-24-RFPREQ-PMW/A-170-0543,procurement_estimate,No Range Specified,,,FY25,Q4,ev:lrae_navwar_2025-06:row166
fund:lrae_navwar_2025-06:N00039-24-RFPREQ-PMW/A-170-0559,need:lrae_navwar_2025-06:N00039-24-RFPREQ-PMW/A-170-0559,procurement_estimate,$7.5M - $50M,7500000,50000000,FY25,Q3,ev:lrae_navwar_2025-06:row167
fund:lrae_navwar_2025-06:N00039-25-RFPREQ-PMW/A-170-0030,need:lrae_navwar_2025-06:N00039-25-RFPREQ-PMW/A-170-0030,procurement_estimate,$7.5M - $50M,7500000,50000000,FY25,Q4,ev:lrae_navwar_2025-06:row168
fund:lrae_navwar_2025-06:N00039-25-RFPREQ-PMW-790-0124,need:lrae_navwar_2025-06:N00039-25-RFPREQ-PMW-790-0124,procurement_estimate,$7.5M - $50M,7500000,50000000,FY25,Q3,ev:lrae_navwar_2025-06:row169
fund:lrae_navwar_2025-06:N00039-24-RFPREQ-PMW-750-0032,need:lrae_navwar_2025-06:N00039-24-RFPREQ-PMW-750-0032,procurement_estimate,$7.5M - $50M,7500000,50000000,FY25,Q4,ev:lrae_navwar_2025-06:row170
fund:lrae_navwar_2025-06:N00039-25-RFPREQ-PMW-790-0157,need:lrae_navwar_2025-06:N00039-25-RFPREQ-PMW-790-0157,procurement_estimate,< $2M,0,2000000,FY25,Q3,ev:lrae_navwar_2025-06:row171
fund:lrae_navwar_2025-06:N00039-25-RFPREQ-PMW-790-0153,need:lrae_navwar_2025-06:N00039-25-RFPREQ-PMW-790-0153,procurement_estimate,< $2M,0,2000000,FY25,Q4,ev:lrae_navwar_2025-06:row172
fund:lrae_navwar_2025-06:N00039-25-RFPREQ-PMW/A-170-0202,need:lrae_navwar_2025-06:N00039-25-RFPREQ-PMW/A-170-0202,procurement_estimate,$2M - $7.5M,2000000,7500000,FY25,Q4,ev:lrae_navwar_2025-06:row320
fund:lrae_navwar_2025-06:N00039-25-RFPREQ-PMW/A-170-0204,need:lrae_navwar_2025-06:N00039-25-RFPREQ-PMW/A-170-0204,procurement_estimate,< $2M,0,2000000,FY25,Q3,ev:lrae_navwar_2025-06:row321
fund:lrae_navwar_2025-06:N00039-25-RFPREQ-PMW/A-170-0240,need:lrae_navwar_2025-06:N00039-25-RFPREQ-PMW/A-170-0240,procurement_estimate,$50M - $100M,50000000,100000000,FY26,Q4,ev:lrae_navwar_2025-06:row322
fund:lrae_navwar_2025-06:N00039-25-RFPREQ-PMW/A-170-0222,need:lrae_navwar_2025-06:N00039-25-RFPREQ-PMW/A-170-0222,procurement_estimate,$7.5M - $50M,7500000,50000000,FY25,Q4,ev:lrae_navwar_2025-06:row323
fund:lrae_navwar_2025-06:N00039-25-RFPREQ-PMW/A-170-0223,need:lrae_navwar_2025-06:N00039-25-RFPREQ-PMW/A-170-0223,procurement_estimate,$2M - $7.5M,2000000,7500000,FY25,Q4,ev:lrae_navwar_2025-06:row324
fund:lrae_navwar_2025-06:N00039-25-RFPREQ-PMW-740-0013,need:lrae_navwar_2025-06:N00039-25-RFPREQ-PMW-740-0013,procurement_estimate,$2M - $7.5M,2000000,7500000,FY25,Q4,ev:lrae_navwar_2025-06:row325
fund:lrae_navwar_2025-06:N00039-25-RFPREQ-PMW/A-170-0239,need:lrae_navwar_2025-06:N00039-25-RFPREQ-PMW/A-170-0239,procurement_estimate,$100M - $250M,100000000,250000000,FY26,Q2,ev:lrae_navwar_2025-06:row326
fund:lrae_navwar_2025-06:N00039-24-RFPREQ-PMW-750-0036,need:lrae_navwar_2025-06:N00039-24-RFPREQ-PMW-750-0036,procurement_estimate,$7.5M - $50M,7500000,50000000,FY25,Q4,ev:lrae_navwar_2025-06:row327
fund:lrae_navwar_2025-06:N00039-25-RFPREQ-PMW-150-0027,need:lrae_navwar_2025-06:N00039-25-RFPREQ-PMW-150-0027,procurement_estimate,$2M - $7.5M,2000000,7500000,FY25,Q4,ev:lrae_navwar_2025-06:row329
fund:lrae_navwar_2025-06:N00039-25-RFPREQ-PMA/PMW-101-0022,need:lrae_navwar_2025-06:N00039-25-RFPREQ-PMA/PMW-101-0022,procurement_estimate,$50M - $100M,50000000,100000000,FY25,Q3,ev:lrae_navwar_2025-06:row332
fund:lrae_navwar_2025-06:N00039-25-RFPREQ-PMW-120-0013,need:lrae_navwar_2025-06:N00039-25-RFPREQ-PMW-120-0013,procurement_estimate,< $2M,0,2000000,FY25,Q3,ev:lrae_navwar_2025-06:row333
fund:lrae_navwar_2025-06:N00039-25-RFPREQ-PMW-750-0013,need:lrae_navwar_2025-06:N00039-25-RFPREQ-PMW-750-0013,procurement_estimate,$7.5M - $50M,7500000,50000000,FY26,Q1,ev:lrae_navwar_2025-06:row345
fund:lrae_navwar_2025-06:N00039-25-RFPREQ-PMW-770-0022,need:lrae_navwar_2025-06:N00039-25-RFPREQ-PMW-770-0022,procurement_estimate,$7.5M - $50M,7500000,50000000,FY25,Q4,ev:lrae_navwar_2025-06:row346
fund:lrae_navwar_2025-06:N00039-25-RFPREQ-PMA/PMW-101-0039,need:lrae_navwar_2025-06:N00039-25-RFPREQ-PMA/PMW-101-0039,procurement_estimate,< $2M,0,2000000,FY25,Q3,ev:lrae_navwar_2025-06:row348
fund:lrae_navwar_2025-06:N00039-24-RFPREQ-PMA/PMW-101-0276,need:lrae_navwar_2025-06:N00039-24-RFPREQ-PMA/PMW-101-0276,procurement_estimate,$7.5M - $50M,7500000,50000000,FY25,Q4,ev:lrae_navwar_2025-06:row350
fund:lrae_navwar_2025-06:N00039-25-RFPREQ-PMW-760-0010,need:lrae_navwar_2025-06:N00039-25-RFPREQ-PMW-760-0010,procurement_estimate,$2M - $7.5M,2000000,7500000,FY26,Q1,ev:lrae_navwar_2025-06:row351
fund:lrae_navwar_2025-06:N00039-25-RFPREQ-PMW-750-0010,need:lrae_navwar_2025-06:N00039-25-RFPREQ-PMW-750-0010,procurement_estimate,$7.5M - $50M,7500000,50000000,FY25,Q4,ev:lrae_navwar_2025-06:row352
fund:lrae_navwar_2025-06:N00039-25-RFPREQ-PMW-770-0019,need:lrae_navwar_2025-06:N00039-25-RFPREQ-PMW-770-0019,procurement_estimate,$250M - $1B,250000000,1000000000,FY26,Q4,ev:lrae_navwar_2025-06:row354
fund:lrae_navwar_2025-06:N00039-25-RFPREQ-PMW-770-0048,need:lrae_navwar_2025-06:N00039-25-RFPREQ-PMW-770-0048,procurement_estimate,< $2M,0,2000000,FY25,Q3,ev:lrae_navwar_2025-06:row355
fund:lrae_navwar_2025-06:N00039-26-RFPREQ-PMW-770-0005,need:lrae_navwar_2025-06:N00039-26-RFPREQ-PMW-770-0005,procurement_estimate,< $2M,0,2000000,FY26,Q1,ev:lrae_navwar_2025-06:row356
fund:lrae_navwar_2025-06:N00039-25-RFPREQ-PMA/PMW-101-0045,need:lrae_navwar_2025-06:N00039-25-RFPREQ-PMA/PMW-101-0045,procurement_estimate,< $2M,0,2000000,FY25,Q3,ev:lrae_navwar_2025-06:row357
fund:lrae_navwar_2025-06:N00039-25-RFPREQ-PMA/PMW-101-0046,need:lrae_navwar_2025-06:N00039-25-RFPREQ-PMA/PMW-101-0046,procurement_estimate,$7.5M - $50M,7500000,50000000,FY25,Q3,ev:lrae_navwar_2025-06:row358
fund:lrae_navwar_2025-06:N00039-26-RFPREQ-PMW-150-0003,need:lrae_navwar_2025-06:N00039-26-RFPREQ-PMW-150-0003,procurement_estimate,< $2M,0,2000000,FY26,Q3,ev:lrae_navwar_2025-06:row359
fund:lrae_navwar_2025-06:N00039-27-RFPREQ-PMW-150-0001,need:lrae_navwar_2025-06:N00039-27-RFPREQ-PMW-150-0001,procurement_estimate,< $2M,0,2000000,FY27,Q3,ev:lrae_navwar_2025-06:row360
fund:lrae_navwar_2025-06:N00039-25-RFPREQ-PMW-150-0050,need:lrae_navwar_2025-06:N00039-25-RFPREQ-PMW-150-0050,procurement_estimate,$7.5M - $50M,7500000,50000000,FY26,Q1,ev:lrae_navwar_2025-06:row361
fund:lrae_navwar_2025-06:N00039-24-RFPREQ-PMA/PMW-101-0278,need:lrae_navwar_2025-06:N00039-24-RFPREQ-PMA/PMW-101-0278,procurement_estimate,$7.5M - $50M,7500000,50000000,FY25,Q2,ev:lrae_navwar_2025-06:row362
fund:lrae_navwar_2025-06:N00039-25-RFPREQ-PMW/A-170-0258,need:lrae_navwar_2025-06:N00039-25-RFPREQ-PMW/A-170-0258,procurement_estimate,$50M - $100M,50000000,100000000,FY25,Q4,ev:lrae_navwar_2025-06:row363
fund:lrae_navwar_2025-06:N00039-25-RFPREQ-PMW-160-0035,need:lrae_navwar_2025-06:N00039-25-RFPREQ-PMW-160-0035,procurement_estimate,$2M - $7.5M,2000000,7500000,FY26,Q1,ev:lrae_navwar_2025-06:row364
fund:lrae_navwar_2025-06:N00039-26-RFPREQ-PMW-160-0006,need:lrae_navwar_2025-06:N00039-26-RFPREQ-PMW-160-0006,procurement_estimate,$2M - $7.5M,2000000,7500000,FY26,Q2,ev:lrae_navwar_2025-06:row365
fund:lrae_navwar_2025-06:N00039-26-RFPREQ-PMW-160-0007,need:lrae_navwar_2025-06:N00039-26-RFPREQ-PMW-160-0007,procurement_estimate,$2M - $7.5M,2000000,7500000,FY26,Q3,ev:lrae_navwar_2025-06:row366
fund:lrae_navwar_2025-06:N00039-26-RFPREQ-PMW-160-0008,need:lrae_navwar_2025-06:N00039-26-RFPREQ-PMW-160-0008,procurement_estimate,$2M - $7.5M,2000000,7500000,FY26,Q3,ev:lrae_navwar_2025-06:row367
fund:lrae_navwar_2025-06:N00039-26-RFPREQ-PMW-160-0009,need:lrae_navwar_2025-06:N00039-26-RFPREQ-PMW-160-0009,procurement_estimate,$2M - $7.5M,2000000,7500000,FY26,Q4,ev:lrae_navwar_2025-06:row368
fund:lrae_navwar_2025-06:N00039-26-RFPREQ-PMW-160-0010,need:lrae_navwar_2025-06:N00039-26-RFPREQ-PMW-160-0010,procurement_estimate,$2M - $7.5M,2000000,7500000,FY27,Q1,ev:lrae_navwar_2025-06:row369
fund:lrae_navwar_2025-06:N00039-27-RFPREQ-PMW-160-0005,need:lrae_navwar_2025-06:N00039-27-RFPREQ-PMW-160-0005,procurement_estimate,$2M - $7.5M,2000000,7500000,FY27,Q2,ev:lrae_navwar_2025-06:row370
fund:lrae_navwar_2025-06:N00039-27-RFPREQ-PMW-160-0006,need:lrae_navwar_2025-06:N00039-27-RFPREQ-PMW-160-0006,procurement_estimate,$2M - $7.5M,2000000,7500000,FY27,Q3,ev:lrae_navwar_2025-06:row371
fund:lrae_navwar_2025-06:N00039-27-RFPREQ-PMW-160-0007,need:lrae_navwar_2025-06:N00039-27-RFPREQ-PMW-160-0007,procurement_estimate,$2M - $7.5M,2000000,7500000,FY27,Q4,ev:lrae_navwar_2025-06:row372
fund:lrae_navwar_2025-06:N00039-25-RFPREQ-PMW-130-0015,need:lrae_navwar_2025-06:N00039-25-RFPREQ-PMW-130-0015,procurement_estimate,$2M - $7.5M,2000000,7500000,FY26,Q2,ev:lrae_navwar_2025-06:row373
fund:lrae_navwar_2025-06:N00039-25-RFPREQ-PMW-130-0030,need:lrae_navwar_2025-06:N00039-25-RFPREQ-PMW-130-0030,procurement_estimate,< $2M,0,2000000,FY26,Q1,ev:lrae_navwar_2025-06:row374
fund:lrae_navwar_2025-06:N00039-25-RFPREQ-PMW-750-0016,need:lrae_navwar_2025-06:N00039-25-RFPREQ-PMW-750-0016,procurement_estimate,No Range Specified,,,FY25,Q3,ev:lrae_navwar_2025-06:row375
fund:lrae_navwar_2025-06:N00039-25-RFPREQ-PMW-760-0014,need:lrae_navwar_2025-06:N00039-25-RFPREQ-PMW-760-0014,procurement_estimate,$2M - $7.5M,2000000,7500000,FY26,Q4,ev:lrae_navwar_2025-06:row376
fund:lrae_navwar_2025-06:N00039-25-RFPREQ-PMW/A-170-0276,need:lrae_navwar_2025-06:N00039-25-RFPREQ-PMW/A-170-0276,procurement_estimate,$7.5M - $50M,7500000,50000000,FY26,Q3,ev:lrae_navwar_2025-06:row378
fund:lrae_navwar_2025-06:N00039-25-RFPREQ-PMW-740-0028,need:lrae_navwar_2025-06:N00039-25-RFPREQ-PMW-740-0028,procurement_estimate,$2M - $7.5M,2000000,7500000,FY25,Q4,ev:lrae_navwar_2025-06:row379
fund:lrae_navwar_2025-06:N00039-25-RFPREQ-PMW/A-170-0277,need:lrae_navwar_2025-06:N00039-25-RFPREQ-PMW/A-170-0277,procurement_estimate,> $1B+,1000000000,,FY27,Q2,ev:lrae_navwar_2025-06:row380
fund:lrae_navwar_2025-06:N00039-25-RFPREQ-PMA/PMW-101-0075,need:lrae_navwar_2025-06:N00039-25-RFPREQ-PMA/PMW-101-0075,procurement_estimate,No Range Specified,,,FY25,Q4,ev:lrae_navwar_2025-06:row381
fund:lrae_navwar_2025-06:N00039-25-RFPREQ-PMA/PMW-101-0077,need:lrae_navwar_2025-06:N00039-25-RFPREQ-PMA/PMW-101-0077,procurement_estimate,< $2M,0,2000000,FY25,Q3,ev:lrae_navwar_2025-06:row382
fund:lrae_navwar_2025-06:N00039-25-RFPREQ-PMA/PMW-101-0078,need:lrae_navwar_2025-06:N00039-25-RFPREQ-PMA/PMW-101-0078,procurement_estimate,< $2M,0,2000000,FY25,Q3,ev:lrae_navwar_2025-06:row383
fund:lrae_navwar_2025-06:N00039-25-RFPREQ-PMW-150-0072,need:lrae_navwar_2025-06:N00039-25-RFPREQ-PMW-150-0072,procurement_estimate,No Range Specified,,,FY26,Q4,ev:lrae_navwar_2025-06:row384
fund:lrae_navwar_2025-06:N00039-25-RFPREQ-PMW-740-0029,need:lrae_navwar_2025-06:N00039-25-RFPREQ-PMW-740-0029,procurement_estimate,$2M - $7.5M,2000000,7500000,FY26,Q1,ev:lrae_navwar_2025-06:row385
fund:lrae_navwar_2025-06:N00039-25-RFPREQ-PMW-160-0068,need:lrae_navwar_2025-06:N00039-25-RFPREQ-PMW-160-0068,procurement_estimate,$7.5M - $50M,7500000,50000000,FY25,Q3,ev:lrae_navwar_2025-06:row390
fund:lrae_navwar_2025-06:N00039-25-RFPREQ-PMW/A-170-0307,need:lrae_navwar_2025-06:N00039-25-RFPREQ-PMW/A-170-0307,procurement_estimate,No Range Specified,,,FY25,Q3,ev:lrae_navwar_2025-06:row391
fund:lrae_navwar_2025-06:N00039-25-RFPREQ-PMW/A-170-0302,need:lrae_navwar_2025-06:N00039-25-RFPREQ-PMW/A-170-0302,procurement_estimate,< $2M,0,2000000,FY25,Q3,ev:lrae_navwar_2025-06:row394
fund:lrae_navwar_2025-06:N00039-25-RFPREQ-PMW/A-170-0304,need:lrae_navwar_2025-06:N00039-25-RFPREQ-PMW/A-170-0304,procurement_estimate,< $2M,0,2000000,FY25,Q3,ev:lrae_navwar_2025-06:row395
fund:lrae_navwar_2025-06:N00039-25-RFPREQ-PMA/PMW-101-0096,need:lrae_navwar_2025-06:N00039-25-RFPREQ-PMA/PMW-101-0096,procurement_estimate,< $2M,0,2000000,FY25,Q3,ev:lrae_navwar_2025-06:row398
fund:lrae_navwar_2025-06:N00039-25-RFPREQ-PMW-770-0034,need:lrae_navwar_2025-06:N00039-25-RFPREQ-PMW-770-0034,procurement_estimate,< $2M,0,2000000,FY25,Q3,ev:lrae_navwar_2025-06:row399
fund:lrae_navwar_2025-06:N00039-25-RFPREQ-PMW-150-0102,need:lrae_navwar_2025-06:N00039-25-RFPREQ-PMW-150-0102,procurement_estimate,< $2M,0,2000000,FY25,Q3,ev:lrae_navwar_2025-06:row401
fund:lrae_navwar_2025-06:N00039-25-RFPREQ-PMW-150-0128,need:lrae_navwar_2025-06:N00039-25-RFPREQ-PMW-150-0128,procurement_estimate,< $2M,0,2000000,FY25,Q4,ev:lrae_navwar_2025-06:row402
fund:lrae_navwar_2025-06:N00039-25-RFPREQ-PMW-150-0129,need:lrae_navwar_2025-06:N00039-25-RFPREQ-PMW-150-0129,procurement_estimate,< $2M,0,2000000,FY25,Q4,ev:lrae_navwar_2025-06:row403
fund:lrae_navwar_2025-06:N00039-25-RFPREQ-C4IEXEC-0014,need:lrae_navwar_2025-06:N00039-25-RFPREQ-C4IEXEC-0014,procurement_estimate,$50M - $100M,50000000,100000000,FY26,Q3,ev:lrae_navwar_2025-06:row404
fund:lrae_navwar_2025-06:N00039-25-RFPREQ-PMA/PMW-101-0103,need:lrae_navwar_2025-06:N00039-25-RFPREQ-PMA/PMW-101-0103,procurement_estimate,$2M - $7.5M,2000000,7500000,FY26,Q1,ev:lrae_navwar_2025-06:row405
fund:lrae_navwar_2025-06:N00039-25-RFPREQ-PMW-130-0026,need:lrae_navwar_2025-06:N00039-25-RFPREQ-PMW-130-0026,procurement_estimate,No Range Specified,,,FY26,Q2,ev:lrae_navwar_2025-06:row407
fund:lrae_navwar_2025-06:N00039-25-RFPREQ-PMW-160-0103,need:lrae_navwar_2025-06:N00039-25-RFPREQ-PMW-160-0103,procurement_estimate,$7.5M - $50M,7500000,50000000,FY25,Q3,ev:lrae_navwar_2025-06:row408
fund:lrae_navwar_2025-06:N00039-25-RFPREQ-PMW/A-170-0334,need:lrae_navwar_2025-06:N00039-25-RFPREQ-PMW/A-170-0334,procurement_estimate,< $2M,0,2000000,FY25,Q3,ev:lrae_navwar_2025-06:row409
fund:lrae_navwar_2025-06:N00039-25-RFPREQ-PMW-740-0040,need:lrae_navwar_2025-06:N00039-25-RFPREQ-PMW-740-0040,procurement_estimate,$7.5M - $50M,7500000,50000000,FY26,Q3,ev:lrae_navwar_2025-06:row411
fund:lrae_navwar_2025-06:N00039-25-RFPREQ-PMW-750-0037,need:lrae_navwar_2025-06:N00039-25-RFPREQ-PMW-750-0037,procurement_estimate,No Range Specified,,,FY25,Q3,ev:lrae_navwar_2025-06:row413
fund:lrae_navwar_2025-06:N00039-25-RFPREQ-PMW/A-170-0342,need:lrae_navwar_2025-06:N00039-25-RFPREQ-PMW/A-170-0342,procurement_estimate,< $2M,0,2000000,FY25,Q4,ev:lrae_navwar_2025-06:row415
fund:lrae_navwar_2025-06:N00039-25-RFPREQ-PMW-750-0034,need:lrae_navwar_2025-06:N00039-25-RFPREQ-PMW-750-0034,procurement_estimate,$7.5M - $50M,7500000,50000000,FY25,Q3,ev:lrae_navwar_2025-06:row417
fund:lrae_navwar_2025-06:N00039-25-RFPREQ-PMW/A-170-0343,need:lrae_navwar_2025-06:N00039-25-RFPREQ-PMW/A-170-0343,procurement_estimate,< $2M,0,2000000,FY25,Q3,ev:lrae_navwar_2025-06:row418
fund:lrae_navwar_2025-06:N00039-25-RFPREQ-PMW-160-0110,need:lrae_navwar_2025-06:N00039-25-RFPREQ-PMW-160-0110,procurement_estimate,No Range Specified,,,FY25,Q4,ev:lrae_navwar_2025-06:row421
fund:lrae_navwar_2025-06:N00039-25-RFPREQ-PMW/A-170-0346,need:lrae_navwar_2025-06:N00039-25-RFPREQ-PMW/A-170-0346,procurement_estimate,$2M - $7.5M,2000000,7500000,FY25,Q4,ev:lrae_navwar_2025-06:row422
fund:lrae_navwar_2025-06:N00039-26-RFPREQ-PMW-790-0022,need:lrae_navwar_2025-06:N00039-26-RFPREQ-PMW-790-0022,procurement_estimate,No Range Specified,,,FY27,Q1,ev:lrae_navwar_2025-06:row423
fund:lrae_navwar_2025-06:N00039-25-RFPREQ-PMW-150-0120,need:lrae_navwar_2025-06:N00039-25-RFPREQ-PMW-150-0120,procurement_estimate,< $2M,0,2000000,FY25,Q3,ev:lrae_navwar_2025-06:row424
fund:lrae_navwar_2025-06:N00039-25-RFPREQ-PMW-150-0119,need:lrae_navwar_2025-06:N00039-25-RFPREQ-PMW-150-0119,procurement_estimate,< $2M,0,2000000,FY25,Q3,ev:lrae_navwar_2025-06:row425
fund:lrae_navwar_2025-06:N00039-25-RFPREQ-PMW-150-0133,need:lrae_navwar_2025-06:N00039-25-RFPREQ-PMW-150-0133,procurement_estimate,$7.5M - $50M,7500000,50000000,FY26,Q1,ev:lrae_navwar_2025-06:row427
fund:lrae_navwar_2025-06:N00039-25-RFPREQ-PMW-150-0134,need:lrae_navwar_2025-06:N00039-25-RFPREQ-PMW-150-0134,procurement_estimate,$7.5M - $50M,7500000,50000000,FY26,Q1,ev:lrae_navwar_2025-06:row428
fund:lrae_navwar_2025-06:N00039-25-RFPREQ-PMA/PMW-101-0129,need:lrae_navwar_2025-06:N00039-25-RFPREQ-PMA/PMW-101-0129,procurement_estimate,$50M - $100M,50000000,100000000,FY25,Q4,ev:lrae_navwar_2025-06:row429
fund:lrae_navwar_2025-06:N00039-25-RFPREQ-PMA/PMW-101-0130,need:lrae_navwar_2025-06:N00039-25-RFPREQ-PMA/PMW-101-0130,procurement_estimate,$50M - $100M,50000000,100000000,FY25,Q4,ev:lrae_navwar_2025-06:row430
fund:lrae_navwar_2025-06:N00039-25-RFPREQ-PMA/PMW-101-0133,need:lrae_navwar_2025-06:N00039-25-RFPREQ-PMA/PMW-101-0133,procurement_estimate,< $2M,0,2000000,FY25,Q3,ev:lrae_navwar_2025-06:row431
fund:lrae_navwar_2025-06:N00039-25-RFPREQ-PMW-150-0130,need:lrae_navwar_2025-06:N00039-25-RFPREQ-PMW-150-0130,procurement_estimate,$7.5M - $50M,7500000,50000000,FY26,Q2,ev:lrae_navwar_2025-06:row432
fund:lrae_navwar_2025-06:N00039-25-RFPREQ-PMW-150-0132,need:lrae_navwar_2025-06:N00039-25-RFPREQ-PMW-150-0132,procurement_estimate,$2M - $7.5M,2000000,7500000,FY26,Q2,ev:lrae_navwar_2025-06:row433
fund:lrae_navwar_2025-06:N00039-25-RFPREQ-PMW-160-0111,need:lrae_navwar_2025-06:N00039-25-RFPREQ-PMW-160-0111,procurement_estimate,< $2M,0,2000000,FY25,Q4,ev:lrae_navwar_2025-06:row434
fund:lrae_navwar_2025-06:N00039-25-RFPREQ-PMW/A-170-0357,need:lrae_navwar_2025-06:N00039-25-RFPREQ-PMW/A-170-0357,procurement_estimate,< $2M,0,2000000,FY25,Q4,ev:lrae_navwar_2025-06:row435
fund:lrae_navwar_2025-06:N00039-25-RFPREQ-PMW/A-170-0358,need:lrae_navwar_2025-06:N00039-25-RFPREQ-PMW/A-170-0358,procurement_estimate,< $2M,0,2000000,FY25,Q4,ev:lrae_navwar_2025-06:row436
fund:lrae_navwar_2025-06:N00039-25-RFPREQ-PMW-150-0138,need:lrae_navwar_2025-06:N00039-25-RFPREQ-PMW-150-0138,procurement_estimate,$2M - $7.5M,2000000,7500000,FY26,Q4,ev:lrae_navwar_2025-06:row437
fund:lrae_navwar_2025-06:N00039-25-RFPREQ-PMA/PMW-101-0155,need:lrae_navwar_2025-06:N00039-25-RFPREQ-PMA/PMW-101-0155,procurement_estimate,< $2M,0,2000000,FY25,Q4,ev:lrae_navwar_2025-06:row438
fund:lrae_navwar_2025-06:N00039-25-RFPREQ-PMA/PMW-101-0154,need:lrae_navwar_2025-06:N00039-25-RFPREQ-PMA/PMW-101-0154,procurement_estimate,$50M - $100M,50000000,100000000,FY26,Q1,ev:lrae_navwar_2025-06:row441
fund:lrae_navwar_2025-06:N00039-26-RFPREQ-PMW/A-170-0005,need:lrae_navwar_2025-06:N00039-26-RFPREQ-PMW/A-170-0005,procurement_estimate,$50M - $100M,50000000,100000000,FY27,Q2,ev:lrae_navwar_2025-06:row442
fund:lrae_navwar_2025-06:N00039-25-RFPREQ-PMW/A-170-0372,need:lrae_navwar_2025-06:N00039-25-RFPREQ-PMW/A-170-0372,procurement_estimate,< $2M,0,2000000,FY25,Q4,ev:lrae_navwar_2025-06:row443
fund:lrae_navwar_2025-06:N00039-25-RFPREQ-PMW/A-170-0374,need:lrae_navwar_2025-06:N00039-25-RFPREQ-PMW/A-170-0374,procurement_estimate,< $2M,0,2000000,FY25,Q4,ev:lrae_navwar_2025-06:row444
fund:lrae_navwar_2025-06:N00039-25-RFPREQ-PMA/PMW-101-0158,need:lrae_navwar_2025-06:N00039-25-RFPREQ-PMA/PMW-101-0158,procurement_estimate,< $2M,0,2000000,FY25,Q4,ev:lrae_navwar_2025-06:row445
fund:lrae_navwar_2025-06:N00039-25-RFPREQ-PMW/A-170-0375,need:lrae_navwar_2025-06:N00039-25-RFPREQ-PMW/A-170-0375,procurement_estimate,< $2M,0,2000000,FY25,Q4,ev:lrae_navwar_2025-06:row446
