id,need_id,revision,description,procurement_method,contract_type,instrument,solicitation_fy,solicitation_quarter,award_fy,award_quarter,pop_months,naics,psc,place,evidence_id
req:lrae_navwar_2025-06:N00039-23-RFPREQ-PMW-740-0070,need:lrae_navwar_2025-06:N00039-23-RFPREQ-PMW-740-0070,lrae_navwar_2025-06,,Full and Open Competition,Cost-Reimbursement,"""C"" Type Contract",FY25,Q3,FY26,Q2,36,"334511 - Search, Detection, Navigation, Guidance, Aeronautical, and Nautical System and Instrument Manufacturing",5810 - COMMUNICATIONS SECURITY EQUIPMENT AND COMPONENTS,"San Diego, CA",ev:lrae_navwar_2025-06:row10
req:lrae_navwar_2025-06:N00039-24-RFPREQ-PMW-740-0052,need:lrae_navwar_2025-06:N00039-24-RFPREQ-PMW-740-0052,lrae_navwar_2025-06,,Full and Open Competition,Cost-Reimbursement,"""C"" Type Contract",FY25,Q3,FY26,Q1,TBD,541330 - Engineering Services,R425 - SUPPORT- PROFESSIONAL: ENGINEERING/TECHNICAL,"San Diego, CA",ev:lrae_navwar_2025-06:row14
req:lrae_navwar_2025-06:N00039-24-RFPREQ-PMW-740-0053,need:lrae_navwar_2025-06:N00039-24-RFPREQ-PMW-740-0053,lrae_navwar_2025-06,,Full and Open Competition,Cost-Reimbursement,Single-Award Indefinite-Delivery,FY25,Q1,FY25,Q4,TBD,541330 - Engineering Services,U008 - EDUCATION/TRAINING- TRAINING/CURRICULUM DEVELOPMENT,"San Diego, CA",ev:lrae_navwar_2025-06:row15
req:lrae_navwar_2025-06:N00039-25-RFPREQ-PMW-160-0001,need:lrae_navwar_2025-06:N00039-25-RFPREQ-PMW-160-0001,lrae_navwar_2025-06,Final procurement in support of ADNS MAC prior to Period of Performance expiring,Full and Open Competition,TBD,Delivery Order/Task Order (not under Federal Supply Schedule Contract),TBD,TBD,FY25,Q3,TBD,TBD - TBD,TBD - TBD,"San Diego, CA",ev:lrae_navwar_2025-06:row16
req:lrae_navwar_2025-06:N00039-24-RFPREQ-PMW/A-170-0061,need:lrae_navwar_2025-06:N00039-24-RFPREQ-PMW/A-170-0061,lrae_navwar_2025-06,N/A,Sole Source,Cost-Reimbursement,"""C"" Type Contract",TBD,TBD,FY25,Q3,TBD,TBD - TBD,TBD - TBD,"San Diego, CA",ev:lrae_navwar_2025-06:row17
req:lrae_navwar_2025-06:N00039-24-RFPREQ-PMW-770-0011,need:lrae_navwar_2025-06:N00039-24-RFPREQ-PMW-770-0011,lrae_navwar_2025-06,,Full and Open Competition,Fixed-Price,"""C"" Type Contract",FY25,Q4,FY26,Q4,TBD,334220 - Radio and Television Broadcasting and Wireless Communications Equipment Manufacturing,"5820 - RADIO AND TELEVISION COMMUNICATION EQUIPMENT, EXCEPT AIRBORNE","San Diego, CA",ev:lrae_navwar_2025-06:row18
req:lrae_navwar_2025-06:N00039-24-RFPREQ-PMW/A-170-0170,need:lrae_navwar_2025-06:N00039-24-RFPREQ-PMW/A-170-0170,lrae_navwar_2025-06,,TBD,Cost-Reimbursement,Other Transaction Authority,FY25,Q2,FY26,Q2,TBD,334220 - Radio and Television Broadcasting and Wireless Communications Equipment Manufacturing,"5820 - RADIO AND TELEVISION COMMUNICATION EQUIPMENT, EXCEPT AIRBORNE","San Diego, CA",ev:lrae_navwar_2025-06:row19
req:lrae_navwar_2025-06:N00039-22-RFPREQ-PMW/A-170-0002,need:lrae_navwar_2025-06:N00039-22-RFPREQ-PMW/A-170-0002,lrae_navwar_2025-06,"CBSP Engineering Services and Sustainment for currently fielded CBSP ULV and FLV terminal systems, to include future tech refresh and modifications",Sole Source,Cost-Reimbursement,Single-Award Indefinite-Delivery,FY25,Q2,FY25,Q4,TBD,TBD - TBD,TBD - TBD,"San Diego, CA",ev:lrae_navwar_2025-06:row97
req:lrae_navwar_2025-06:N00039-24-RFPREQ-PMW/A-170-0013,need:lrae_navwar_2025-06:N00039-24-RFPREQ-PMW/A-170-0013,lrae_navwar_2025-06,,Sole Source,Fixed-Price,Single-Award Indefinite-Delivery,FY25,Q3,FY25,Q4,16,517410 - Satellite Telecommunications,"7G22 - IT AND TELECOM - NETWORK: SATELLITE AND RF COMMUNICATIONS PRODUCTS (HW, PERPETUAL LICENSE SOFTWARE)","San Diego, CA",ev:lrae_navwar_2025-06:row98
req:lrae_navwar_2025-06:N00039-22-RFPREQ-PMW/A-170-0021,need:lrae_navwar_2025-06:N00039-22-RFPREQ-PMW/A-170-0021,lrae_navwar_2025-06,,Sole Source,TBD,"""C"" Type Contract",FY24,Q1,FY26,Q1,TBD,334220 - Radio and Television Broadcasting and Wireless Communications Equipment Manufacturing,"5985 - ANTENNAS, WAVEGUIDES, AND RELATED EQUIPMENT","San Diego, CA",ev:lrae_navwar_2025-06:row99
req:lrae_navwar_2025-06:N00039-23-RFPREQ-PMW/A-170-0155,need:lrae_navwar_2025-06:N00039-23-RFPREQ-PMW/A-170-0155,lrae_navwar_2025-06,,Sole Source,Fixed-Price,Single-Award Indefinite-Delivery,FY25,Q3,FY26,Q4,60,517410 - Satellite Telecommunications,"7G22 - IT AND TELECOM - NETWORK: SATELLITE AND RF COMMUNICATIONS PRODUCTS (HW, PERPETUAL LICENSE SOFTWARE)","San Diego, CA",ev:lrae_navwar_2025-06:row100
req:lrae_navwar_2025-06:N00039-23-RFPREQ-PMW/A-170-0173,need:lrae_navwar_2025-06:N00039-23-RFPREQ-PMW/A-170-0173,lrae_navwar_2025-06,,Full and Open Competition,TBD,Single-Award Indefinite-Delivery,FY26,Q2,FY27,Q2,TBD,TBD - TBD,TBD - TBD,"San Diego, CA",ev:lrae_navwar_2025-06:row101
req:lrae_navwar_2025-06:N00039-24-RFPREQ-PMW-750-0001,need:lrae_navwar_2025-06:N00039-24-RFPREQ-PMW-750-0001,lrae_navwar_2025-06,,Full and Open Competition,Cost-Reimbursement,Delivery Order/Task Order (not under Federal Supply Schedule Contract),FY25,Q2,FY25,Q3,TBD,541330 - Engineering Services,"L058 - TECHNICAL REPRESENTATIVE- COMMUNICATION, DETECTION, AND COHERENT RADIATION EQUIPMENT","San Diego, CA",ev:lrae_navwar_2025-06:row103
req:lrae_navwar_2025-06:N00039-24-RFPREQ-PMW-750-0002,need:lrae_navwar_2025-06:N00039-24-RFPREQ-PMW-750-0002,lrae_navwar_2025-06,,Full and Open Competition,Cost-Reimbursement,Delivery Order/Task Order (not under Federal Supply Schedule Contract),FY25,Q1,FY25,Q3,TBD,541330 - Engineering Services,"L058 - TECHNICAL REPRESENTATIVE- COMMUNICATION, DETECTION, AND COHERENT RADIATION EQUIPMENT","San Diego, CA",ev:lrae_navwar_2025-06:row104
req:lrae_navwar_2025-06:N00039-24-RFPREQ-PMW-750-0003,need:lrae_navwar_2025-06:N00039-24-RFPREQ-PMW-750-0003,lrae_navwar_2025-06,,Full and Open Competition,Cost-Reimbursement,Delivery Order/Task Order (not under Federal Supply Schedule Contract),FY25,Q3,FY26,Q1,TBD,541330 - Engineering Services,"L058 - TECHNICAL REPRESENTATIVE- COMMUNICATION, DETECTION, AND COHERENT RADIATION EQUIPMENT","San Diego, CA",ev:lrae_navwar_2025-06:row105
req:lrae_navwar_2025-06:N00039-24-RFPREQ-PMW-120-0001,need:lrae_navwar_2025-06:N00039-24-RFPREQ-PMW-120-0001,lrae_navwar_2025-06,Professional Support Services (PSS) for PMW 120,TBD,Cost-Reimbursement,Delivery Order/Task Order (not under Federal Supply Schedule Contract),FY25,Q4,FY26,Q2,60,541330 - Engineering Services,R408 - SUPPORT- PROFESSIONAL: PROGRAM MANAGEMENT/SUPPORT,"San Diego, CA",ev:lrae_navwar_2025-06:row106
req:lrae_navwar_2025-06:N00039-24-RFPREQ-PEO-C4I-0001,need:lrae_navwar_2025-06:N00039-24-RFPREQ-PEO-C4I-0001,lrae_navwar_2025-06,,Small Business Set-Aside,Cost-Reimbursement,Delivery Order/Task Order (not under Federal Supply Schedule Contract),FY25,Q1,FY25,Q3,TBD,541330 - Engineering Services,R408 - SUPPORT- PROFESSIONAL: PROGRAM MANAGEMENT/SUPPORT,"San Diego, CA",ev:lrae_navwar_2025-06:row107
req:lrae_navwar_2025-06:N00039-25-RFPREQ-PMW/A-170-0001,need:lrae_navwar_2025-06:N00039-25-RFPREQ-PMW/A-170-0001,lrae_navwar_2025-06,,Full and Open Competition,Fixed-Price,Single-Award Indefinite-Delivery,FY26,Q2,FY27,Q2,TBD,334220 - Radio and Television Broadcasting and Wireless Communications Equipment Manufacturing,TBD - TBD,"San Diego, CA",ev:lrae_navwar_2025-06:row108
req:lrae_navwar_2025-06:N00039-24-RFPREQ-PMW/A-170-0004,need:lrae_navwar_2025-06:N00039-24-RFPREQ-PMW/A-170-0004,lrae_navwar_2025-06,,Full and Open Competition,Fixed-Price,TBD,FY25,Q3,FY26,Q2,TBD,TBD - TBD,TBD - TBD,"San Diego, CA",ev:lrae_navwar_2025-06:row109
req:lrae_navwar_2025-06:N00039-23-RFPREQ-PMA/PMW-101-0017,need:lrae_navwar_2025-06:N00039-23-RFPREQ-PMA/PMW-101-0017,lrae_navwar_2025-06,,Full and Open Competition,Fixed-Price,Single-Award Indefinite-Delivery,FY25,Q3,FY25,Q3,60,334220 - Radio and Television Broadcasting and Wireless Communications Equipment Manufacturing,"5821 - RADIO AND TELEVISION COMMUNICATION EQUIPMENT, AIRBORNE","San Diego, CA",ev:lrae_navwar_2025-06:row111
req:lrae_navwar_2025-06:N00039-24-RFPREQ-PMW/A-170-0014,need:lrae_navwar_2025-06:N00039-24-RFPREQ-PMW/A-170-0014,lrae_navwar_2025-06,,Sole Source,Cost-Reimbursement,Delivery Order/Task Order (not under Federal Supply Schedule Contract),FY25,Q2,FY25,Q3,TBD,334220 - Radio and Television Broadcasting and Wireless Communications Equipment Manufacturing,7G20 - IT AND TELECOM - NETWORK: ANALOG VOICE PRODUCTS (HARDWARE AND PERPETUAL LICENSE SOFTWARE),"San Diego, CA",ev:lrae_navwar_2025-06:row112
req:lrae_navwar_2025-06:N00039-25-RFPREQ-PMW-740-0006,need:lrae_navwar_2025-06:N00039-25-RFPREQ-PMW-740-0006,lrae_navwar_2025-06,,Full and Open Competition,Cost-Reimbursement,Single-Award Indefinite-Delivery,TBD,TBD,FY26,Q1,TBD,541330 - Engineering Services,R425 - SUPPORT- PROFESSIONAL: ENGINEERING/TECHNICAL,"San Diego, CA",ev:lrae_navwar_2025-06:row113
req:lrae_navwar_2025-06:N00039-24-RFPREQ-PMW-740-0005,need:lrae_navwar_2025-06:N00039-24-RFPREQ-PMW-740-0005,lrae_navwar_2025-06,Taipei Economic and Cultural Representative Office (TECRO) Integration and Installation Support,Full and Open Competition,Cost-Reimbursement,"""C"" Type Contract",FY25,Q4,FY26,Q2,TBD,541330 - Engineering Services,TBD - TBD,"San Diego, CA",ev:lrae_navwar_2025-06:row114
req:lrae_navwar_2025-06:N00039-26-RFPREQ-PMA/PMW-101-0003,need:lrae_navwar_2025-06:N00039-26-RFPREQ-PMA/PMW-101-0003,lrae_navwar_2025-06,,Small Business Set-Aside,TBD,Delivery Order/Task Order (not under Federal Supply Schedule Contract),TBD,TBD,FY28,Q2,TBD,TBD - TBD,TBD - TBD,"San Diego, CA",ev:lrae_navwar_2025-06:row115
req:lrae_navwar_2025-06:N00039-24-RFPREQ-PMW-770-0008,need:lrae_navwar_2025-06:N00039-24-RFPREQ-PMW-770-0008,lrae_navwar_2025-06,LBUCS Receive Version 2 software defined radio development (SDR) and integration with existing end-cryptographic unit (ECU). Production option for SDR production and build-to-print of ECU.,TBD,Fixed-Price,Single-Award Indefinite-Delivery,FY26,Q1,FY26,Q4,TBD,541511 - Custom Computer Programming Services,5810 - COMMUNICATIONS SECURITY EQUIPMENT AND COMPONENTS,"San Diego, CA",ev:lrae_navwar_2025-06:row116
req:lrae_navwar_2025-06:N00039-24-RFPREQ-PMW-770-0009,need:lrae_navwar_2025-06:N00039-24-RFPREQ-PMW-770-0009,lrae_navwar_2025-06,,TBD,Cost-Reimbursement,Delivery Order/Task Order (not under Federal Supply Schedule Contract),FY25,Q2,FY25,Q4,66,541330 - Engineering Services,R425 - SUPPORT- PROFESSIONAL: ENGINEERING/TECHNICAL,"San Diego, CA",ev:lrae_navwar_2025-06:row117
req:lrae_navwar_2025-06:N00039-26-RFPREQ-PMA/PMW-101-0005,need:lrae_navwar_2025-06:N00039-26-RFPREQ-PMA/PMW-101-0005,lrae_navwar_2025-06,,Small Business Set-Aside,Cost-Reimbursement,Single-Award Indefinite-Delivery,TBD,TBD,FY27,Q2,TBD,541330 - Engineering Services,R408 - SUPPORT- PROFESSIONAL: PROGRAM MANAGEMENT/SUPPORT,"San Diego, CA",ev:lrae_navwar_2025-06:row120
req:lrae_navwar_2025-06:N00039-25-RFPREQ-PMW-740-0005,need:lrae_navwar_2025-06:N00039-25-RFPREQ-PMW-740-0005,lrae_navwar_2025-06,,Full and Open Competition,TBD,TBD,TBD,TBD,FY26,Q1,TBD,TBD - TBD,,"San Diego, CA",ev:lrae_navwar_2025-06:row121
req:lrae_navwar_2025-06:N00039-24-RFPREQ-PMW-740-0055,need:lrae_navwar_2025-06:N00039-24-RFPREQ-PMW-740-0055,lrae_navwar_2025-06,Communications Security (COMSEC)/Inventory Manager (IM) Support Services,Small Business Set-Aside,Fixed-Price,Delivery Order/Task Order (not under Federal Supply Schedule Contract),FY25,Q3,FY26,Q2,60,541330 - Engineering Services,R426 - SUPPORT- PROFESSIONAL: COMMUNICATIONS,"San Diego, CA",ev:lrae_navwar_2025-06:row122
req:lrae_navwar_2025-06:N00039-24-RFPREQ-PMW-740-0007,need:lrae_navwar_2025-06:N00039-24-RFPREQ-PMW-740-0007,lrae_navwar_2025-06,,Small Business Set-Aside,Cost-Reimbursement,Single-Award Indefinite-Delivery,FY25,Q2,FY25,Q4,60,541330 - Engineering Services,N059 - INSTALLATION OF EQUIPMENT- ELECTRICAL AND ELECTRONIC EQUIPMENT COMPONENTS,"San Diego, CA",ev:lrae_navwar_2025-06:row123
req:lrae_navwar_2025-06:N00039-26-RFPREQ-PMW-740-0003,need:lrae_navwar_2025-06:N00039-26-RFPREQ-PMW-740-0003,lrae_navwar_2025-06,,Full and Open Competition,TBD,TBD,TBD,TBD,FY25,Q4,TBD,TBD - TBD,TBD - TBD,"San Diego, CA",ev:lrae_navwar_2025-06:row126
req:lrae_navwar_2025-06:N00039-23-RFPREQ-PMW-160-0108,need:lrae_navwar_2025-06:N00039-23-RFPREQ-PMW-160-0108,lrae_navwar_2025-06,N0003925R9510 – Automated Digital Network System (ADNS) Multiple Award Contract (MAC),Full and Open Competition,Fixed-Price,Single-Award Indefinite-Delivery,FY25,Q4,FY26,Q1,96,334210 - Telephone Apparatus Manufacturing,7G20 - IT AND TELECOM - NETWORK: ANALOG VOICE PRODUCTS (HARDWARE AND PERPETUAL LICENSE SOFTWARE),"San Diego, CA",ev:lrae_navwar_2025-06:row127
req:lrae_navwar_2025-06:N00039-24-RFPREQ-PMW-160-0002,need:lrae_navwar_2025-06:N00039-24-RFPREQ-PMW-160-0002,lrae_navwar_2025-06,"This follow-on contract provides full spectrum architecture, analysis, interoperability assessments, engineering, Configuration Management (CM), technical management services, Science and Technology, Verification, Validation, and Certification, Software Engineering Support, Cost Engineering and Economic Analysis, Reliability and Systems Safety Assurance Engineering and Analysis, Integration and Interoperability (I&I), Future Capabilities and new construction ships for NAVWAR's PMW 160.",Full and Open Competition,Cost-Reimbursement,Delivery Order/Task Order (not under Federal Supply Schedule Contract),FY25,Q4,FY26,Q3,TBD,541330 - Engineering Services,R425 - SUPPORT- PROFESSIONAL: ENGINEERING/TECHNICAL,"San Diego, CA",ev:lrae_navwar_2025-06:row128
req:lrae_navwar_2025-06:N00039-24-RFPREQ-PMW/A-170-0015,need:lrae_navwar_2025-06:N00039-24-RFPREQ-PMW/A-170-0015,lrae_navwar_2025-06,Sole Source Contract for Sustainment Services for AN/USQ-167(V) Common Data Link System (CDLS),Sole Source,Cost-Reimbursement,Single-Award Indefinite-Delivery,FY25,Q3,FY25,Q4,TBD,541330 - Engineering Services,R425 - SUPPORT- PROFESSIONAL: ENGINEERING/TECHNICAL,"San Diego, CA",ev:lrae_navwar_2025-06:row133
req:lrae_navwar_2025-06:N00039-25-RFPREQ-PMW-150-0067,need:lrae_navwar_2025-06:N00039-25-RFPREQ-PMW-150-0067,lrae_navwar_2025-06,"PMW 150 NILE In-Service Support 6 contract for Link 22 support, maintenance and upgrade of Link 22 product.",TBD,Cost-Reimbursement,Single-Award Indefinite-Delivery,FY26,Q2,FY27,Q2,60,541512 - Computer Systems Design Services,DA01 - IT AND TELECOM - BUSINESS APPLICATION/APPLICATION DEVELOPMENT SUPPORT SERVICES (LABOR),"San Diego, CA",ev:lrae_navwar_2025-06:row139
req:lrae_navwar_2025-06:N00039-25-RFPREQ-PMW-150-0002,need:lrae_navwar_2025-06:N00039-25-RFPREQ-PMW-150-0002,lrae_navwar_2025-06,,TBD,Cost-Reimbursement,TBD,FY25,Q4,FY26,Q1,TBD,TBD - TBD,R706 - SUPPORT- MANAGEMENT: LOGISTICS SUPPORT,"San Diego, CA",ev:lrae_navwar_2025-06:row140
req:lrae_navwar_2025-06:N00039-26-RFPREQ-PMW-740-0005,need:lrae_navwar_2025-06:N00039-26-RFPREQ-PMW-740-0005,lrae_navwar_2025-06,,Full and Open Competition,Cost-Reimbursement,Delivery Order/Task Order (not under Federal Supply Schedule Contract),TBD,TBD,FY28,Q1,TBD,541330 - Engineering Services,R425 - SUPPORT- PROFESSIONAL: ENGINEERING/TECHNICAL,"San Diego, CA",ev:lrae_navwar_2025-06:row141
req:lrae_navwar_2025-06:N00039-24-RFPREQ-PMW-160-0068,need:lrae_navwar_2025-06:N00039-24-RFPREQ-PMW-160-0068,lrae_navwar_2025-06,"Provides Professional Support Services for PMW 160, assisting in the prep and maintenance of program planning, production support, acquisition and guidance documents, contract documentation and data management, business management and admin support.  Follow-on to SeaPort-NxG Task Order: N0003920F3016.  Incumbent: Alpha Omega Group.",Service-Disabled Veteran-Owned Small Business Set-Aside,Cost-Reimbursement,Delivery Order/Task Order (not under Federal Supply Schedule Contract),FY25,Q2,FY25,Q4,12,541330 - Engineering Services,R408 - SUPPORT- PROFESSIONAL: PROGRAM MANAGEMENT/SUPPORT,"San Diego, CA",ev:lrae_navwar_2025-06:row142
req:lrae_navwar_2025-06:N00039-24-RFPREQ-C4IEXEC-0002,need:lrae_navwar_2025-06:N00039-24-RFPREQ-C4IEXEC-0002,lrae_navwar_2025-06,Common - Services Enterprise Application (C-SEA),TBD,Cost-Reimbursement,"""C"" Type Contract",FY26,Q2,FY26,Q4,TBD,TBD - TBD,TBD - TBD,"San Diego, CA",ev:lrae_navwar_2025-06:row143
req:lrae_navwar_2025-06:N00039-24-RFPREQ-PEO-C4I-0012,need:lrae_navwar_2025-06:N00039-24-RFPREQ-PEO-C4I-0012,lrae_navwar_2025-06,,Full and Open Competition,Fixed-Price,Single-Award Indefinite-Delivery,FY24,Q4,FY25,Q4,60,334220 - Radio and Television Broadcasting and Wireless Communications Equipment Manufacturing,"5826 - RADIO NAVIGATION EQUIPMENT, AIRBORNE","San Diego, CA",ev:lrae_navwar_2025-06:row145
req:lrae_navwar_2025-06:N00039-24-RFPREQ-PMW/A-170-0413,need:lrae_navwar_2025-06:N00039-24-RFPREQ-PMW/A-170-0413,lrae_navwar_2025-06,,Sole Source,Cost-Reimbursement,Single-Award Indefinite-Delivery,FY25,Q3,FY25,Q4,120,541330 - Engineering Services,L049 - TECHNICAL REPRESENTATIVE- MAINTENANCE AND REPAIR SHOP EQUIPMENT,"San Diego, CA",ev:lrae_navwar_2025-06:row147
req:lrae_navwar_2025-06:N00039-24-RFPREQ-PMW-740-0059,need:lrae_navwar_2025-06:N00039-24-RFPREQ-PMW-740-0059,lrae_navwar_2025-06,,TBD,Fixed-Price,"""C"" Type Contract",FY25,Q1,FY26,Q1,36,541512 - Computer Systems Design Services,"7G22 - IT AND TELECOM - NETWORK: SATELLITE AND RF COMMUNICATIONS PRODUCTS (HW, PERPETUAL LICENSE SOFTWARE)","San Diego, CA",ev:lrae_navwar_2025-06:row148
req:lrae_navwar_2025-06:N00039-25-RFPREQ-PMW-740-0061,need:lrae_navwar_2025-06:N00039-25-RFPREQ-PMW-740-0061,lrae_navwar_2025-06,,Sole Source,TBD,TBD,TBD,TBD,FY25,Q4,TBD,541330 - Engineering Services,N059 - INSTALLATION OF EQUIPMENT- ELECTRICAL AND ELECTRONIC EQUIPMENT COMPONENTS,"San Diego, CA",ev:lrae_navwar_2025-06:row149
req:lrae_navwar_2025-06:N00039-24-RFPREQ-PMW-760-0052,need:lrae_navwar_2025-06:N00039-24-RFPREQ-PMW-760-0052,lrae_navwar_2025-06,,Full and Open Competition,Cost-Reimbursement,Delivery Order/Task Order (not under Federal Supply Schedule Contract),FY25,Q1,FY25,Q4,TBD,541330 - Engineering Services,"L058 - TECHNICAL REPRESENTATIVE- COMMUNICATION, DETECTION, AND COHERENT RADIATION EQUIPMENT","San Diego, CA",ev:lrae_navwar_2025-06:row153
req:lrae_navwar_2025-06:N00039-24-RFPREQ-PMW-760-0055,need:lrae_navwar_2025-06:N00039-24-RFPREQ-PMW-760-0055,lrae_navwar_2025-06,PMW 760 Next Generation C4I Integration Support Services,Small Business Set-Aside,Cost-Reimbursement,Delivery Order/Task Order (not under Federal Supply Schedule Contract),FY26,Q1,FY26,Q3,66,541330 - Engineering Services,R408 - SUPPORT- PROFESSIONAL: PROGRAM MANAGEMENT/SUPPORT,"San Diego, CA",ev:lrae_navwar_2025-06:row156
req:lrae_navwar_2025-06:N00039-24-RFPREQ-PMA/PMW-101-0115,need:lrae_navwar_2025-06:N00039-24-RFPREQ-PMA/PMW-101-0115,lrae_navwar_2025-06,,Sole Source,Fixed-Price,Delivery Order/Task Order (not under Federal Supply Schedule Contract),FY25,Q1,FY25,Q3,TBD,334220 - Radio and Television Broadcasting and Wireless Communications Equipment Manufacturing,"5821 - RADIO AND TELEVISION COMMUNICATION EQUIPMENT, AIRBORNE","San Diego, CA",ev:lrae_navwar_2025-06:row159
req:lrae_navwar_2025-06:N00039-24-RFPREQ-PMW-150-0157,need:lrae_navwar_2025-06:N00039-24-RFPREQ-PMW-150-0157,lrae_navwar_2025-06,Production and delivery of LLC 7M devices,Sole Source,Fixed-Price,Single-Award Indefinite-Delivery,FY26,Q1,FY26,Q4,TBD,TBD - TBD,TBD - TBD,"San Diego, CA",ev:lrae_navwar_2025-06:row160
req:lrae_navwar_2025-06:N00039-24-RFPREQ-PMW-740-0078,need:lrae_navwar_2025-06:N00039-24-RFPREQ-PMW-740-0078,lrae_navwar_2025-06,,Sole Source,Cost-Reimbursement,Delivery Order/Task Order (not under Federal Supply Schedule Contract),FY25,Q3,FY25,Q4,19,541330 - Engineering Services,N059 - INSTALLATION OF EQUIPMENT- ELECTRICAL AND ELECTRONIC EQUIPMENT COMPONENTS,"San Diego, CA",ev:lrae_navwar_2025-06:row161
req:lrae_navwar_2025-06:N00039-24-RFPREQ-PMA/PMW-101-0267,need:lrae_navwar_2025-06:N00039-24-RFPREQ-PMA/PMW-101-0267,lrae_navwar_2025-06,N0003922D4001_GE_TATS,Sole Source,Fixed-Price,Delivery Order/Task Order (not under Federal Supply Schedule Contract),FY25,Q1,FY25,Q3,TBD,334220 - Radio and Television Broadcasting and Wireless Communications Equipment Manufacturing,"5821 - RADIO AND TELEVISION COMMUNICATION EQUIPMENT, AIRBORNE","San Diego, CA",ev:lrae_navwar_2025-06:row162
req:lrae_navwar_2025-06:N00039-24-RFPREQ-PMW-770-0044,need:lrae_navwar_2025-06:N00039-24-RFPREQ-PMW-770-0044,lrae_navwar_2025-06,,Full and Open Competition,Fixed-Price,"""C"" Type Contract",FY25,Q2,FY26,Q4,73,334220 - Radio and Television Broadcasting and Wireless Communications Equipment Manufacturing,5810 - COMMUNICATIONS SECURITY EQUIPMENT AND COMPONENTS,"San Diego, CA",ev:lrae_navwar_2025-06:row163
req:lrae_navwar_2025-06:N00039-24-RFPREQ-PMW-760-0068,need:lrae_navwar_2025-06:N00039-24-RFPREQ-PMW-760-0068,lrae_navwar_2025-06,,Full and Open Competition,Cost-Reimbursement,Delivery Order/Task Order (not under Federal Supply Schedule Contract),FY25,Q1,FY25,Q4,TBD,541330 - Engineering Services,"L058 - TECHNICAL REPRESENTATIVE- COMMUNICATION, DETECTION, AND COHERENT RADIATION EQUIPMENT","San Diego, CA",ev:lrae_navwar_2025-06:row165
req:lrae_navwar_2025-06:N00039-24-RFPREQ-PMW/A-170-0543,need:lrae_navwar_2025-06:N00039-24-RFPREQ-PMW/A-170-0543,lrae_navwar_2025-06,,Sole Source,Fixed-Price,Single-Award Indefinite-Delivery,FY25,Q2,FY25,Q4,TBD,334290 - Other Communications Equipment Manufacturing,"5985 - ANTENNAS, WAVEGUIDES, AND RELATED EQUIPMENT","San Diego, CA",ev:lrae_navwar_2025-06:row166
req:lrae_navwar_2025-06:N00039-24-RFPREQ-PMW/A-170-0559,need:lrae_navwar_2025-06:N00039-24-RFPREQ-PMW/A-170-0559,lrae_navwar_2025-06,,Sole Source,Cost-Reimbursement,Single-Award Indefinite-Delivery,FY25,Q1,FY25,Q3,TBD,334220 - Radio and Television Broadcasting and Wireless Communications Equipment Manufacturing,5895 - MISCELLANEOUS COMMUNICATION EQUIPMENT,"San Diego, CA",ev:lrae_navwar_2025-06:row167
req:lrae_navwar_2025-06:N00039-25-RFPREQ-PMW/A-170-0030,need:lrae_navwar_2025-06:N00039-25-RFPREQ-PMW/A-170-0030,lrae_navwar_2025-06,,Sole Source,Cost-Reimbursement,Delivery Order/Task Order (not under Federal Supply Schedule Contract),TBD,TBD,FY25,Q4,TBD,334220 - Radio and Television Broadcasting and Wireless Communications Equipment Manufacturing,"5985 - ANTENNAS, WAVEGUIDES, AND RELATED EQUIPMENT","San Diego, CA",ev:lrae_navwar_2025-06:row168
req:lrae_navwar_2025-06:N00039-25-RFPREQ-PMW-790-0124,need:lrae_navwar_2025-06:N00039-25-RFPREQ-PMW-790-0124,lrae_navwar_2025-06,HW/SW LICENSES RENEWAL,Small Business Set-Aside,Fixed-Price,Delivery Order/Task Order (not under Federal Supply Schedule Contract),FY25,Q3,FY25,Q3,12,541519 - Other Computer Related Services,7A21 - IT AND TELECOM - BUSINESS APPLICATION SOFTWARE (PERPETUAL LICENSE SOFTWARE),"San Diego, CA",ev:lrae_navwar_2025-06:row169
req:lrae_navwar_2025-06:N00039-24-RFPREQ-PMW-750-0032,need:lrae_navwar_2025-06:N00039-24-RFPREQ-PMW-750-0032,lrae_navwar_2025-06,,Full and Open Competition,Cost-Reimbursement,Delivery Order/Task Order (not under Federal Supply Schedule Contract),FY25,Q1,FY25,Q4,59,541330 - Engineering Services,"L058 - TECHNICAL REPRESENTATIVE- COMMUNICATION, DETECTION, AND COHERENT RADIATION EQUIPMENT","San Diego, CA",ev:lrae_navwar_2025-06:row170
req:lrae_navwar_2025-06:N00039-25-RFPREQ-PMW-790-0157,need:lrae_navwar_2025-06:N00039-25-RFPREQ-PMW-790-0157,lrae_navwar_2025-06,Pure Storage HW,TBD,Fixed-Price,Delivery Order/Task Order (not under Federal Supply Schedule Contract),FY25,Q3,FY25,Q3,12,541519 - Other Computer Related Services,7A21 - IT AND TELECOM - BUSINESS APPLICATION SOFTWARE (PERPETUAL LICENSE SOFTWARE),"San Diego, CA",ev:lrae_navwar_2025-06:row171
req:lrae_navwar_2025-06:N00039-25-RFPREQ-PMW-790-0153,need:lrae_navwar_2025-06:N00039-25-RFPREQ-PMW-790-0153,lrae_navwar_2025-06,SW RENEWAL FOR SYBASE SW,TBD,Fixed-Price,Delivery Order/Task Order (not under Federal Supply Schedule Contract),FY25,Q3,FY25,Q4,12,541519 - Other Computer Related Services,7A21 - IT AND TELECOM - BUSINESS APPLICATION SOFTWARE (PERPETUAL LICENSE SOFTWARE),"San Diego, CA",ev:lrae_navwar_2025-06:row172
req:lrae_navwar_2025-06:N00039-25-RFPREQ-PMW/A-170-0202,need:lrae_navwar_2025-06:N00039-25-RFPREQ-PMW/A-170-0202,lrae_navwar_2025-06,,Sole Source,Cost-Reimbursement,Delivery Order/Task Order (not under Federal Supply Schedule Contract),FY25,Q3,FY25,Q4,TBD,541330 - Engineering Services,L049 - TECHNICAL REPRESENTATIVE- MAINTENANCE AND REPAIR SHOP EQUIPMENT,"San Diego, CA",ev:lrae_navwar_2025-06:row320
req:lrae_navwar_2025-06:N00039-25-RFPREQ-PMW/A-170-0204,need:lrae_navwar_2025-06:N00039-25-RFPREQ-PMW/A-170-0204,lrae_navwar_2025-06,,Sole Source,Cost-Reimbursement,Single-Award Indefinite-Delivery,FY25,Q2,FY25,Q3,18,541330 - Engineering Services,L049 - TECHNICAL REPRESENTATIVE- MAINTENANCE AND REPAIR SHOP EQUIPMENT,"San Diego, CA",ev:lrae_navwar_2025-06:row321
req:lrae_navwar_2025-06:N00039-25-RFPREQ-PMW/A-170-0240,need:lrae_navwar_2025-06:N00039-25-RFPREQ-PMW/A-170-0240,lrae_navwar_2025-06,"Effort is for Cybersecurity, Engineering, and Technical Support to assist with the development, procurement, testing, integration, fielding, and support of PMW/A 170 programs and systems.",TBD,Cost-Reimbursement,Delivery Order/Task Order (not under Federal Supply Schedule Contract),FY26,Q1,FY26,Q4,60,541330 - Engineering Services,R425 - SUPPORT- PROFESSIONAL: ENGINEERING/TECHNICAL,"San Diego, CA",ev:lrae_navwar_2025-06:row322
req:lrae_navwar_2025-06:N00039-25-RFPREQ-PMW/A-170-0222,need:lrae_navwar_2025-06:N00039-25-RFPREQ-PMW/A-170-0222,lrae_navwar_2025-06,,Sole Source,Cost-Reimbursement,Delivery Order/Task Order (not under Federal Supply Schedule Contract),TBD,TBD,FY25,Q4,TBD,541330 - Engineering Services,L049 - TECHNICAL REPRESENTATIVE- MAINTENANCE AND REPAIR SHOP EQUIPMENT,"San Diego, CA",ev:lrae_navwar_2025-06:row323
req:lrae_navwar_2025-06:N00039-25-RFPREQ-PMW/A-170-0223,need:lrae_navwar_2025-06:N00039-25-RFPREQ-PMW/A-170-0223,lrae_navwar_2025-06,,Sole Source,Cost-Reimbursement,Delivery Order/Task Order (not under Federal Supply Schedule Contract),TBD,TBD,FY25,Q4,TBD,541330 - Engineering Services,L049 - TECHNICAL REPRESENTATIVE- MAINTENANCE AND REPAIR SHOP EQUIPMENT,"San Diego, CA",ev:lrae_navwar_2025-06:row324
req:lrae_navwar_2025-06:N00039-25-RFPREQ-PMW-740-0013,need:lrae_navwar_2025-06:N00039-25-RFPREQ-PMW-740-0013,lrae_navwar_2025-06,,TBD,TBD,"""C"" Type Contract",TBD,TBD,FY25,Q4,TBD,TBD - TBD,TBD - TBD,"San Diego, CA",ev:lrae_navwar_2025-06:row325
req:lrae_navwar_2025-06:N00039-25-RFPREQ-PMW/A-170-0239,need:lrae_navwar_2025-06:N00039-25-RFPREQ-PMW/A-170-0239,lrae_navwar_2025-06,"Integrated Logistics, Training and Installation Support",Service-Disabled Veteran-Owned Small Business Set-Aside,Cost-Reimbursement,Delivery Order/Task Order (not under Federal Supply Schedule Contract),FY25,Q4,FY26,Q2,60,541330 - Engineering Services,R706 - SUPPORT- MANAGEMENT: LOGISTICS SUPPORT,"San Diego, CA",ev:lrae_navwar_2025-06:row326
req:lrae_navwar_2025-06:N00039-24-RFPREQ-PMW-750-0036,need:lrae_navwar_2025-06:N00039-24-RFPREQ-PMW-750-0036,lrae_navwar_2025-06,,Full and Open Competition,Cost-Reimbursement,Delivery Order/Task Order (not under Federal Supply Schedule Contract),FY25,Q2,FY25,Q4,57,541330 - Engineering Services,"L058 - TECHNICAL REPRESENTATIVE- COMMUNICATION, DETECTION, AND COHERENT RADIATION EQUIPMENT","Charleston, SC",ev:lrae_navwar_2025-06:row327
req:lrae_navwar_2025-06:N00039-25-RFPREQ-PMW-150-0027,need:lrae_navwar_2025-06:N00039-25-RFPREQ-PMW-150-0027,lrae_navwar_2025-06,Blanket purchase agreement (BPA) Call for MIDS-on-ship Modernization (MOS Mod) shipboard cabinet assemblies,Full and Open Competition,Fixed-Price,Blanket Purchase Agreement Call,FY25,Q3,FY25,Q4,TBD,334220 - Radio and Television Broadcasting and Wireless Communications Equipment Manufacturing,5811 - OTHER CRYPTOLOGIC EQUIPMENT AND COMPONENTS,"San Diego, CA",ev:lrae_navwar_2025-06:row329
req:lrae_navwar_2025-06:N00039-25-RFPREQ-PMA/PMW-101-0022,need:lrae_navwar_2025-06:N00039-25-RFPREQ-PMA/PMW-101-0022,lrae_navwar_2025-06,,Sole Source,Cost-Reimbursement,Single-Award Indefinite-Delivery,FY25,Q3,FY25,Q3,60,334220 - Radio and Television Broadcasting and Wireless Communications Equipment Manufacturing,"5821 - RADIO AND TELEVISION COMMUNICATION EQUIPMENT, AIRBORNE","San Diego, CA",ev:lrae_navwar_2025-06:row332
req:lrae_navwar_2025-06:N00039-25-RFPREQ-PMW-120-0013,need:lrae_navwar_2025-06:N00039-25-RFPREQ-PMW-120-0013,lrae_navwar_2025-06,,Sole Source,Time-and-materials,Single-Award Indefinite-Delivery,FY25,Q2,FY25,Q3,12,"334511 - Search, Detection, Navigation, Guidance, Aeronautical, and Nautical System and Instrument Manufacturing",1940 - SMALL CRAFT,"San Diego, CA",ev:lrae_navwar_2025-06:row333
req:lrae_navwar_2025-06:N00039-25-RFPREQ-PMW-750-0013,need:lrae_navwar_2025-06:N00039-25-RFPREQ-PMW-750-0013,lrae_navwar_2025-06,"Provide LHA 10 RCS/DS/SSES Design, Procure, Build, Integrate & Test Support onboard USS Helmand Province (LHA 10), for Program Executive Office (PEO) C4I.",Full and Open Competition,Cost-Reimbursement,Delivery Order/Task Order (not under Federal Supply Schedule Contract),FY25,Q3,FY26,Q1,TBD,541330 - Engineering Services,"L058 - TECHNICAL REPRESENTATIVE- COMMUNICATION, DETECTION, AND COHERENT RADIATION EQUIPMENT","Pascagoula, MS",ev:lrae_navwar_2025-06:row345
req:lrae_navwar_2025-06:N00039-25-RFPREQ-PMW-770-0022,need:lrae_navwar_2025-06:N00039-25-RFPREQ-PMW-770-0022,lrae_navwar_2025-06,,Sole Source,Fixed-Price,Delivery Order/Task Order (not under Federal Supply Schedule Contract),FY25,Q3,FY25,Q4,TBD,336212 - Truck Trailer Manufacturing,"5820 - RADIO AND TELEVISION COMMUNICATION EQUIPMENT, EXCEPT AIRBORNE","San Diego, CA",ev:lrae_navwar_2025-06:row346
req:lrae_navwar_2025-06:N00039-25-RFPREQ-PMA/PMW-101-0039,need:lrae_navwar_2025-06:N00039-25-RFPREQ-PMA/PMW-101-0039,lrae_navwar_2025-06,,Sole Source,Fixed-Price,Delivery Order/Task Order (not under Federal Supply Schedule Contract),FY25,Q3,FY25,Q3,TBD,TBD - TBD,"5821 - RADIO AND TELEVISION COMMUNICATION EQUIPMENT, AIRBORNE","San Diego, CA",ev:lrae_navwar_2025-06:row348
req:lrae_navwar_2025-06:N00039-24-RFPREQ-PMA/PMW-101-0276,need:lrae_navwar_2025-06:N00039-24-RFPREQ-PMA/PMW-101-0276,lrae_navwar_2025-06,,Sole Source,Fixed-Price,Delivery Order/Task Order (not under Federal Supply Schedule Contract),FY24,Q4,FY25,Q4,24,334290 - Other Communications Equipment Manufacturing,"5826 - RADIO NAVIGATION EQUIPMENT, AIRBORNE","San Diego, CA",ev:lrae_navwar_2025-06:row350
req:lrae_navwar_2025-06:N00039-25-RFPREQ-PMW-760-0010,need:lrae_navwar_2025-06:N00039-25-RFPREQ-PMW-760-0010,lrae_navwar_2025-06,,Full and Open Competition,Cost-Reimbursement,Delivery Order/Task Order (not under Federal Supply Schedule Contract),FY25,Q2,FY26,Q1,TBD,TBD - TBD,TBD - TBD,"San Diego, CA",ev:lrae_navwar_2025-06:row351
req:lrae_navwar_2025-06:N00039-25-RFPREQ-PMW-750-0010,need:lrae_navwar_2025-06:N00039-25-RFPREQ-PMW-750-0010,lrae_navwar_2025-06,,Sole Source,Cost-Reimbursement,Single-Award Indefinite-Delivery,FY25,Q1,FY25,Q4,TBD,541330 - Engineering Services,"L058 - TECHNICAL REPRESENTATIVE- COMMUNICATION, DETECTION, AND COHERENT RADIATION EQUIPMENT","San Diego, CA",ev:lrae_navwar_2025-06:row352
req:lrae_navwar_2025-06:N00039-25-RFPREQ-PMW-770-0019,need:lrae_navwar_2025-06:N00039-25-RFPREQ-PMW-770-0019,lrae_navwar_2025-06,,Sole Source,Fixed-Price,"""C"" Type Contract",FY25,Q4,FY26,Q4,TBD,334290 - Other Communications Equipment Manufacturing,"5985 - ANTENNAS, WAVEGUIDES, AND RELATED EQUIPMENT","San Diego, CA",ev:lrae_navwar_2025-06:row354
req:lrae_navwar_2025-06:N00039-25-RFPREQ-PMW-770-0048,need:lrae_navwar_2025-06:N00039-25-RFPREQ-PMW-770-0048,lrae_navwar_2025-06,N/A,Sole Source,Cost-Reimbursement,Delivery Order/Task Order (not under Federal Supply Schedule Contract),FY25,Q3,FY25,Q3,TBD,541511 - Custom Computer Programming Services,7F20 - IT AND TELECOM - IT MANAGEMENT TOOLS/PRODUCTS (HARDWARE AND PERPETUAL LICENSE SOFTWARE),"San Diego, CA",ev:lrae_navwar_2025-06:row355
req:lrae_navwar_2025-06:N00039-26-RFPREQ-PMW-770-0005,need:lrae_navwar_2025-06:N00039-26-RFPREQ-PMW-770-0005,lrae_navwar_2025-06,,Sole Source,Cost-Reimbursement,Delivery Order/Task Order (not under Federal Supply Schedule Contract),TBD,TBD,FY26,Q1,TBD,541511 - Custom Computer Programming Services,7F20 - IT AND TELECOM - IT MANAGEMENT TOOLS/PRODUCTS (HARDWARE AND PERPETUAL LICENSE SOFTWARE),"San Diego, CA",ev:lrae_navwar_2025-06:row356
req:lrae_navwar_2025-06:N00039-25-RFPREQ-PMA/PMW-101-0045,need:lrae_navwar_2025-06:N00039-25-RFPREQ-PMA/PMW-101-0045,lrae_navwar_2025-06,,Sole Source,Cost-Reimbursement,Delivery Order/Task Order (not under Federal Supply Schedule Contract),FY25,Q2,FY25,Q3,TBD,334290 - Other Communications Equipment Manufacturing,"7G22 - IT AND TELECOM - NETWORK: SATELLITE AND RF COMMUNICATIONS PRODUCTS (HW, PERPETUAL LICENSE SOFTWARE)","San Diego, CA",ev:lrae_navwar_2025-06:row357
req:lrae_navwar_2025-06:N00039-25-RFPREQ-PMA/PMW-101-0046,need:lrae_navwar_2025-06:N00039-25-RFPREQ-PMA/PMW-101-0046,lrae_navwar_2025-06,,Sole Source,Cost-Reimbursement,Delivery Order/Task Order (not under Federal Supply Schedule Contract),FY25,Q1,FY25,Q3,TBD,TBD - TBD,TBD - TBD,"San Diego, CA",ev:lrae_navwar_2025-06:row358
req:lrae_navwar_2025-06:N00039-26-RFPREQ-PMW-150-0003,need:lrae_navwar_2025-06:N00039-26-RFPREQ-PMW-150-0003,lrae_navwar_2025-06,,Sole Source,TBD,Delivery Order/Task Order (not under Federal Supply Schedule Contract),TBD,TBD,FY26,Q3,TBD,TBD - TBD,TBD - TBD,"San Diego, CA",ev:lrae_navwar_2025-06:row359
req:lrae_navwar_2025-06:N00039-27-RFPREQ-PMW-150-0001,need:lrae_navwar_2025-06:N00039-27-RFPREQ-PMW-150-0001,lrae_navwar_2025-06,,Sole Source,TBD,Delivery Order/Task Order (not under Federal Supply Schedule Contract),TBD,TBD,FY27,Q3,TBD,TBD - TBD,TBD - TBD,"San Diego, CA",ev:lrae_navwar_2025-06:row360
req:lrae_navwar_2025-06:N00039-25-RFPREQ-PMW-150-0050,need:lrae_navwar_2025-06:N00039-25-RFPREQ-PMW-150-0050,lrae_navwar_2025-06,NILE ISS 5 Task Order 5,Sole Source,Cost-Reimbursement,Delivery Order/Task Order (not under Federal Supply Schedule Contract),FY25,Q4,FY26,Q1,18,541512 - Computer Systems Design Services,DA01 - IT AND TELECOM - BUSINESS APPLICATION/APPLICATION DEVELOPMENT SUPPORT SERVICES (LABOR),"San Diego, CA",ev:lrae_navwar_2025-06:row361
req:lrae_navwar_2025-06:N00039-24-RFPREQ-PMA/PMW-101-0278,need:lrae_navwar_2025-06:N00039-24-RFPREQ-PMA/PMW-101-0278,lrae_navwar_2025-06,MIDS JTRS Lot 13C DO,Full and Open Competition,Fixed-Price,Delivery Order/Task Order (not under Federal Supply Schedule Contract),FY24,Q4,FY25,Q2,TBD,334290 - Other Communications Equipment Manufacturing,"5821 - RADIO AND TELEVISION COMMUNICATION EQUIPMENT, AIRBORNE","San Diego, CA",ev:lrae_navwar_2025-06:row362
req:lrae_navwar_2025-06:N00039-25-RFPREQ-PMW/A-170-0258,need:lrae_navwar_2025-06:N00039-25-RFPREQ-PMW/A-170-0258,lrae_navwar_2025-06,GPNTS Software Modification to increase the ceiling on Contract #N0003920D0021 by $80.6M,Sole Source,Cost-Reimbursement,Single-Award Indefinite-Delivery,FY25,Q3,FY25,Q4,TBD,"334511 - Search, Detection, Navigation, Guidance, Aeronautical, and Nautical System and Instrument Manufacturing",TBD - TBD,"San Diego, CA",ev:lrae_navwar_2025-06:row363
req:lrae_navwar_2025-06:N00039-25-RFPREQ-PMW-160-0035,need:lrae_navwar_2025-06:N00039-25-RFPREQ-PMW-160-0035,lrae_navwar_2025-06,,Full and Open Competition,Fixed-Price,Delivery Order/Task Order (not under Federal Supply Schedule Contract),TBD,TBD,FY26,Q1,TBD,TBD - TBD,TBD - TBD,"San Diego, CA",ev:lrae_navwar_2025-06:row364
req:lrae_navwar_2025-06:N00039-26-RFPREQ-PMW-160-0006,need:lrae_navwar_2025-06:N00039-26-RFPREQ-PMW-160-0006,lrae_navwar_2025-06,,Full and Open Competition,Fixed-Price,Delivery Order/Task Order (not under Federal Supply Schedule Contract),TBD,TBD,FY26,Q2,TBD,TBD - TBD,TBD - TBD,"San Diego, CA",ev:lrae_navwar_2025-06:row365
req:lrae_navwar_2025-06:N00039-26-RFPREQ-PMW-160-0007,need:lrae_navwar_2025-06:N00039-26-RFPREQ-PMW-160-0007,lrae_navwar_2025-06,,Full and Open Competition,Fixed-Price,Delivery Order/Task Order (not under Federal Supply Schedule Contract),TBD,TBD,FY26,Q3,TBD,TBD - TBD,TBD - TBD,"San Diego, CA",ev:lrae_navwar_2025-06:row366
req:lrae_navwar_2025-06:N00039-26-RFPREQ-PMW-160-0008,need:lrae_navwar_2025-06:N00039-26-RFPREQ-PMW-160-0008,lrae_navwar_2025-06,,Full and Open Competition,Fixed-Price,Delivery Order/Task Order (not under Federal Supply Schedule Contract),TBD,TBD,FY26,Q3,TBD,TBD - TBD,TBD - TBD,"San Diego, CA",ev:lrae_navwar_2025-06:row367
req:lrae_navwar_2025-06:N00039-26-RFPREQ-PMW-160-0009,need:lrae_navwar_2025-06:N00039-26-RFPREQ-PMW-160-0009,lrae_navwar_2025-06,,Full and Open Competition,Fixed-Price,Delivery Order/Task Order (not under Federal Supply Schedule Contract),TBD,TBD,FY26,Q4,TBD,TBD - TBD,TBD - TBD,"San Diego, CA",ev:lrae_navwar_2025-06:row368
req:lrae_navwar_2025-06:N00039-26-RFPREQ-PMW-160-0010,need:lrae_navwar_2025-06:N00039-26-RFPREQ-PMW-160-0010,lrae_navwar_2025-06,,Full and Open Competition,Fixed-Price,Delivery Order/Task Order (not under Federal Supply Schedule Contract),TBD,TBD,FY27,Q1,TBD,TBD - TBD,TBD - TBD,"San Diego, CA",ev:lrae_navwar_2025-06:row369
req:lrae_navwar_2025-06:N00039-27-RFPREQ-PMW-160-0005,need:lrae_navwar_2025-06:N00039-27-RFPREQ-PMW-160-0005,lrae_navwar_2025-06,,Full and Open Competition,Fixed-Price,Delivery Order/Task Order (not under Federal Supply Schedule Contract),TBD,TBD,FY27,Q2,TBD,TBD - TBD,TBD - TBD,"San Diego, CA",ev:lrae_navwar_2025-06:row370
req:lrae_navwar_2025-06:N00039-27-RFPREQ-PMW-160-0006,need:lrae_navwar_2025-06:N00039-27-RFPREQ-PMW-160-0006,lrae_navwar_2025-06,,Full and Open Competition,Fixed-Price,Delivery Order/Task Order (not under Federal Supply Schedule Contract),TBD,TBD,FY27,Q3,TBD,TBD - TBD,TBD - TBD,"San Diego, CA",ev:lrae_navwar_2025-06:row371
req:lrae_navwar_2025-06:N00039-27-RFPREQ-PMW-160-0007,need:lrae_navwar_2025-06:N00039-27-RFPREQ-PMW-160-0007,lrae_navwar_2025-06,,Full and Open Competition,Fixed-Price,Delivery Order/Task Order (not under Federal Supply Schedule Contract),TBD,TBD,FY27,Q4,TBD,TBD - TBD,TBD - TBD,"San Diego, CA",ev:lrae_navwar_2025-06:row372
req:lrae_navwar_2025-06:N00039-25-RFPREQ-PMW-130-0015,need:lrae_navwar_2025-06:N00039-25-RFPREQ-PMW-130-0015,lrae_navwar_2025-06,5-year follow-on contract for the continued procurement of 90-Meter Smart Card Manager Licenses in support of PEO C4I / PMW 130.,Small Business Set-Aside,Fixed-Price,Purchase Order,FY26,Q1,FY26,Q2,60,511210 - Software Publishers,"7H20 - IT AND TELECOM - PLATFORM PRODUCTS: DATABASE, MAINFRAME, MIDDLEWARE (HW, PERPETUAL LICENSE SOFTWARE)","San Diego, CA",ev:lrae_navwar_2025-06:row373
req:lrae_navwar_2025-06:N00039-25-RFPREQ-PMW-130-0030,need:lrae_navwar_2025-06:N00039-25-RFPREQ-PMW-130-0030,lrae_navwar_2025-06,CUE PSM production order under single award IDIQ N0003923D9000,Women-Owned Small Business Set-Aside,Fixed-Price,Delivery Order/Task Order (not under Federal Supply Schedule Contract),TBD,TBD,FY26,Q1,TBD,334220 - Radio and Television Broadcasting and Wireless Communications Equipment Manufacturing,6150 - MISCELLANEOUS ELECTRIC POWER AND DISTRIBUTION EQUIPMENT,"San Diego, CA",ev:lrae_navwar_2025-06:row374
req:lrae_navwar_2025-06:N00039-25-RFPREQ-PMW-750-0016,need:lrae_navwar_2025-06:N00039-25-RFPREQ-PMW-750-0016,lrae_navwar_2025-06,The modification is within the scope of the task order.,Sole Source,Cost-Reimbursement,Single-Award Indefinite-Delivery,FY25,Q2,FY25,Q3,TBD,541330 - Engineering Services,"L058 - TECHNICAL REPRESENTATIVE- COMMUNICATION, DETECTION, AND COHERENT RADIATION EQUIPMENT","Charleston, SC",ev:lrae_navwar_2025-06:row375
req:lrae_navwar_2025-06:N00039-25-RFPREQ-PMW-760-0014,need:lrae_navwar_2025-06:N00039-25-RFPREQ-PMW-760-0014,lrae_navwar_2025-06,,Full and Open Competition,Cost-Reimbursement,Delivery Order/Task Order (not under Federal Supply Schedule Contract),FY25,Q3,FY26,Q4,TBD,TBD - TBD,TBD - TBD,"San Diego, CA",ev:lrae_navwar_2025-06:row376
req:lrae_navwar_2025-06:N00039-25-RFPREQ-PMW/A-170-0276,need:lrae_navwar_2025-06:N00039-25-RFPREQ-PMW/A-170-0276,lrae_navwar_2025-06,,Sole Source,Cost-Reimbursement,Single-Award Indefinite-Delivery,FY26,Q1,FY26,Q3,TBD,334220 - Radio and Television Broadcasting and Wireless Communications Equipment Manufacturing,TBD - TBD,"San Diego, CA",ev:lrae_navwar_2025-06:row378
req:lrae_navwar_2025-06:N00039-25-RFPREQ-PMW-740-0028,need:lrae_navwar_2025-06:N00039-25-RFPREQ-PMW-740-0028,lrae_navwar_2025-06,Royal Bahamas Defence Force Maritime Surveillance System (MSS),Small Business Set-Aside,Cost-Reimbursement,Delivery Order/Task Order (not under Federal Supply Schedule Contract),FY25,Q3,FY25,Q4,TBD,"334511 - Search, Detection, Navigation, Guidance, Aeronautical, and Nautical System and Instrument Manufacturing","5840 - RADAR EQUIPMENT, EXCEPT AIRBORNE","San Diego, CA",ev:lrae_navwar_2025-06:row379
req:lrae_navwar_2025-06:N00039-25-RFPREQ-PMW/A-170-0277,need:lrae_navwar_2025-06:N00039-25-RFPREQ-PMW/A-170-0277,lrae_navwar_2025-06,,Sole Source,Fixed-Price,Single-Award Indefinite-Delivery,FY26,Q2,FY27,Q2,60,334220 - Radio and Television Broadcasting and Wireless Communications Equipment Manufacturing,"5825 - RADIO NAVIGATION EQUIPMENT, EXCEPT AIRBORNE","San Diego, CA",ev:lrae_navwar_2025-06:row380
req:lrae_navwar_2025-06:N00039-25-RFPREQ-PMA/PMW-101-0075,need:lrae_navwar_2025-06:N00039-25-RFPREQ-PMA/PMW-101-0075,lrae_navwar_2025-06,The Multifunctional Information Distribution System (MIDS) Program Office (MPO) requires procurement of MIDS Joint Tactical Radio System (JTRS) production of terminals and spares.,Sole Source,Fixed-Price,Single-Award Indefinite-Delivery,FY25,Q2,FY25,Q4,24,"443112 - RADIO, TELEVISION, AND OTHER ELECTRONICS STORES","5820 - RADIO AND TELEVISION COMMUNICATION EQUIPMENT, EXCEPT AIRBORNE","San Diego, CA",ev:lrae_navwar_2025-06:row381
req:lrae_navwar_2025-06:N00039-25-RFPREQ-PMA/PMW-101-0077,need:lrae_navwar_2025-06:N00039-25-RFPREQ-PMA/PMW-101-0077,lrae_navwar_2025-06,N/A,Sole Source,Fixed-Price,Delivery Order/Task Order (not under Federal Supply Schedule Contract),FY25,Q2,FY25,Q3,TBD,334220 - Radio and Television Broadcasting and Wireless Communications Equipment Manufacturing,"7G22 - IT AND TELECOM - NETWORK: SATELLITE AND RF COMMUNICATIONS PRODUCTS (HW, PERPETUAL LICENSE SOFTWARE)","San Diego, CA",ev:lrae_navwar_2025-06:row382
req:lrae_navwar_2025-06:N00039-25-RFPREQ-PMA/PMW-101-0078,need:lrae_navwar_2025-06:N00039-25-RFPREQ-PMA/PMW-101-0078,lrae_navwar_2025-06,Engineering Services for GFE Repairs,Sole Source,Fixed-Price,Delivery Order/Task Order (not under Federal Supply Schedule Contract),TBD,TBD,FY25,Q3,TBD,334220 - Radio and Television Broadcasting and Wireless Communications Equipment Manufacturing,"7G22 - IT AND TELECOM - NETWORK: SATELLITE AND RF COMMUNICATIONS PRODUCTS (HW, PERPETUAL LICENSE SOFTWARE)","San Diego, CA",ev:lrae_navwar_2025-06:row383
req:lrae_navwar_2025-06:N00039-25-RFPREQ-PMW-150-0072,need:lrae_navwar_2025-06:N00039-25-RFPREQ-PMW-150-0072,lrae_navwar_2025-06,"The major objective of this task order is to obtain Professional Support Services (PSS) in support of the Command and Control (C2) Systems Program Office (PMW 150) which is part of Program Executive Office, Command, Control, Communications, Computers and Intelligence (PEO C4I).  PSS includes non-inherently governmental support in program management, acquisition management, contracts management, installations and modernization management, and cost estimation.  Incumbent: Booz Allen Hamilton, Task Order: N0003921F3016",TBD,Cost-Reimbursement,Delivery Order/Task Order (not under Federal Supply Schedule Contract),FY26,Q1,FY26,Q4,TBD,561499 - All Other Business Support Services,R408 - SUPPORT- PROFESSIONAL: PROGRAM MANAGEMENT/SUPPORT,"San Diego, CA",ev:lrae_navwar_2025-06:row384
req:lrae_navwar_2025-06:N00039-25-RFPREQ-PMW-740-0029,need:lrae_navwar_2025-06:N00039-25-RFPREQ-PMW-740-0029,lrae_navwar_2025-06,,Full and Open Competition,Cost-Reimbursement,Delivery Order/Task Order (not under Federal Supply Schedule Contract),FY25,Q3,FY26,Q1,TBD,541330 - Engineering Services,N059 - INSTALLATION OF EQUIPMENT- ELECTRICAL AND ELECTRONIC EQUIPMENT COMPONENTS,"San Diego, CA",ev:lrae_navwar_2025-06:row385
req:lrae_navwar_2025-06:N00039-25-RFPREQ-PMW-160-0068,need:lrae_navwar_2025-06:N00039-25-RFPREQ-PMW-160-0068,lrae_navwar_2025-06,CANES MAC RFP 9114A QTY 3 CTU 3 Kits,Full and Open Competition,Fixed-Price,Delivery Order/Task Order (not under Federal Supply Schedule Contract),FY25,Q3,FY25,Q3,TBD,334290 - Other Communications Equipment Manufacturing,7G21 - IT AND TELECOM - NETWORK: DIGITAL NETWORK PRODUCTS (HARDWARE AND PERPETUAL LICENSE SOFTWARE),"San Diego, CA",ev:lrae_navwar_2025-06:row390
req:lrae_navwar_2025-06:N00039-25-RFPREQ-PMW/A-170-0307,need:lrae_navwar_2025-06:N00039-25-RFPREQ-PMW/A-170-0307,lrae_navwar_2025-06,,Sole Source,Cost-Reimbursement,Single-Award Indefinite-Delivery,TBD,TBD,FY25,Q3,TBD,541330 - Engineering Services,L049 - TECHNICAL REPRESENTATIVE- MAINTENANCE AND REPAIR SHOP EQUIPMENT,"San Diego, CA",ev:lrae_navwar_2025-06:row391
req:lrae_navwar_2025-06:N00039-25-RFPREQ-PMW/A-170-0302,need:lrae_navwar_2025-06:N00039-25-RFPREQ-PMW/A-170-0302,lrae_navwar_2025-06,N/A,Sole Source,Cost-Reimbursement,Delivery Order/Task Order (not under Federal Supply Schedule Contract),FY25,Q2,FY25,Q3,TBD,334220 - Radio and Television Broadcasting and Wireless Communications Equipment Manufacturing,5895 - MISCELLANEOUS COMMUNICATION EQUIPMENT,"San Diego, CA",ev:lrae_navwar_2025-06:row394
req:lrae_navwar_2025-06:N00039-25-RFPREQ-PMW/A-170-0304,need:lrae_navwar_2025-06:N00039-25-RFPREQ-PMW/A-170-0304,lrae_navwar_2025-06,,Sole Source,Cost-Reimbursement,Delivery Order/Task Order (not under Federal Supply Schedule Contract),TBD,TBD,FY25,Q3,TBD,TBD - TBD,TBD - TBD,"San Diego, CA",ev:lrae_navwar_2025-06:row395
req:lrae_navwar_2025-06:N00039-25-RFPREQ-PMA/PMW-101-0096,need:lrae_navwar_2025-06:N00039-25-RFPREQ-PMA/PMW-101-0096,lrae_navwar_2025-06,N/A,Sole Source,Fixed-Price,Delivery Order/Task Order (not under Federal Supply Schedule Contract),TBD,TBD,FY25,Q3,7,334220 - Radio and Television Broadcasting and Wireless Communications Equipment Manufacturing,"5821 - RADIO AND TELEVISION COMMUNICATION EQUIPMENT, AIRBORNE","San Diego, CA",ev:lrae_navwar_2025-06:row398
req:lrae_navwar_2025-06:N00039-25-RFPREQ-PMW-770-0034,need:lrae_navwar_2025-06:N00039-25-RFPREQ-PMW-770-0034,lrae_navwar_2025-06,TBD,Sole Source,Fixed-Price,"""C"" Type Contract",FY25,Q3,FY25,Q3,23,335931 - Current-Carrying Wiring Device Manufacturing,"5935 - CONNECTORS, ELECTRICAL","San Diego, CA",ev:lrae_navwar_2025-06:row399
req:lrae_navwar_2025-06:N00039-25-RFPREQ-PMW-150-0102,need:lrae_navwar_2025-06:N00039-25-RFPREQ-PMW-150-0102,lrae_navwar_2025-06,Order of MIDS-on-ship Modernization (MOS Mod) shipboard cabinet assemblies with Tactical Targeting Network Technology (TTNT) conversion kits,Sole Source,Cost-Reimbursement,"""C"" Type Contract",FY25,Q2,FY25,Q3,TBD,334220 - Radio and Television Broadcasting and Wireless Communications Equipment Manufacturing,5811 - OTHER CRYPTOLOGIC EQUIPMENT AND COMPONENTS,"San Diego, CA",ev:lrae_navwar_2025-06:row401
req:lrae_navwar_2025-06:N00039-25-RFPREQ-PMW-150-0128,need:lrae_navwar_2025-06:N00039-25-RFPREQ-PMW-150-0128,lrae_navwar_2025-06,"Modification to Contract #N0003921A1001 to add spares CLIN for IAM and PIU. Also adding BPA PoP, repairs, Engineering Services.",Sole Source,Fixed-Price,Blanket Purchase Agreement Call,FY25,Q3,FY25,Q4,TBD,334290 - Other Communications Equipment Manufacturing,5810 - COMMUNICATIONS SECURITY EQUIPMENT AND COMPONENTS,"San Diego, CA",ev:lrae_navwar_2025-06:row402
req:lrae_navwar_2025-06:N00039-25-RFPREQ-PMW-150-0129,need:lrae_navwar_2025-06:N00039-25-RFPREQ-PMW-150-0129,lrae_navwar_2025-06,"Modification to Contract #N0003921A1001 to add spares CLIN for IAM and PIU. Also adding BPA PoP, repairs, Engineering Services.",Sole Source,Fixed-Price,Blanket Purchase Agreement Call,FY25,Q3,FY25,Q4,TBD,334290 - Other Communications Equipment Manufacturing,5810 - COMMUNICATIONS SECURITY EQUIPMENT AND COMPONENTS,"San Diego, CA",ev:lrae_navwar_2025-06:row403
req:lrae_navwar_2025-06:N00039-25-RFPREQ-C4IEXEC-0014,need:lrae_navwar_2025-06:N00039-25-RFPREQ-C4IEXEC-0014,lrae_navwar_2025-06,"The Program Executive Office for Command, Control, Communications, Computers, and Intelligence (PEO C4I) is responsible for the acquisition, integration, delivery, support of C4I programs, network infrastructure and basic network information distribution services of force-wide tactical information and combat systems. In support of its mission, PEO C4I requires services in support of its modernization, installation, and integration processes, hereinafter identified as Platform Integration and Modernization Support Services (PIMSS) 2.0.",TBD,Cost-Reimbursement,Delivery Order/Task Order (not under Federal Supply Schedule Contract),FY26,Q1,FY26,Q3,TBD,541330 - Engineering Services,R408 - SUPPORT- PROFESSIONAL: PROGRAM MANAGEMENT/SUPPORT,"San Diego, CA",ev:lrae_navwar_2025-06:row404
req:lrae_navwar_2025-06:N00039-25-RFPREQ-PMA/PMW-101-0103,need:lrae_navwar_2025-06:N00039-25-RFPREQ-PMA/PMW-101-0103,lrae_navwar_2025-06,N0003924FXXXX_FR_MIS_V2,Sole Source,Cost-Reimbursement,Delivery Order/Task Order (not under Federal Supply Schedule Contract),FY25,Q3,FY26,Q1,TBD,TBD - TBD,TBD - TBD,"San Diego, CA",ev:lrae_navwar_2025-06:row405
req:lrae_navwar_2025-06:N00039-25-RFPREQ-PMW-130-0026,need:lrae_navwar_2025-06:N00039-25-RFPREQ-PMW-130-0026,lrae_navwar_2025-06,Modification to Contract #N0003923D9000 to establish a new ordering period which will extend the PoP of the contract by five (5) additional years within current ceiling of contract,Women-Owned Small Business Set-Aside,Fixed-Price,Single-Award Indefinite-Delivery,FY25,Q4,FY26,Q2,TBD,334220 - Radio and Television Broadcasting and Wireless Communications Equipment Manufacturing,6150 - MISCELLANEOUS ELECTRIC POWER AND DISTRIBUTION EQUIPMENT,"San Diego, CA",ev:lrae_navwar_2025-06:row407
req:lrae_navwar_2025-06:N00039-25-RFPREQ-PMW-160-0103,need:lrae_navwar_2025-06:N00039-25-RFPREQ-PMW-160-0103,lrae_navwar_2025-06,CANES MAC RFP 9114B QTY 3 CTU 3 Kits,Full and Open Competition,Fixed-Price,Delivery Order/Task Order (not under Federal Supply Schedule Contract),TBD,TBD,FY25,Q3,TBD,334290 - Other Communications Equipment Manufacturing,7G21 - IT AND TELECOM - NETWORK: DIGITAL NETWORK PRODUCTS (HARDWARE AND PERPETUAL LICENSE SOFTWARE),"San Diego, CA",ev:lrae_navwar_2025-06:row408
req:lrae_navwar_2025-06:N00039-25-RFPREQ-PMW/A-170-0334,need:lrae_navwar_2025-06:N00039-25-RFPREQ-PMW/A-170-0334,lrae_navwar_2025-06,N/A,Sole Source,Cost-Reimbursement,Delivery Order/Task Order (not under Federal Supply Schedule Contract),FY25,Q2,FY25,Q3,TBD,TBD - TBD,TBD - TBD,"San Diego, CA",ev:lrae_navwar_2025-06:row409
req:lrae_navwar_2025-06:N00039-25-RFPREQ-PMW-740-0040,need:lrae_navwar_2025-06:N00039-25-RFPREQ-PMW-740-0040,lrae_navwar_2025-06,Armed Forces of the Philippines (AFP) Mobile Command Center Project,Full and Open Competition,TBD,Single-Award Indefinite-Delivery,TBD,TBD,FY26,Q3,TBD,TBD - TBD,TBD - TBD,"San Diego, CA",ev:lrae_navwar_2025-06:row411
req:lrae_navwar_2025-06:N00039-25-RFPREQ-PMW-750-0037,need:lrae_navwar_2025-06:N00039-25-RFPREQ-PMW-750-0037,lrae_navwar_2025-06,,Sole Source,Cost-Reimbursement,Single-Award Indefinite-Delivery,FY25,Q3,FY25,Q3,18,541330 - Engineering Services,"L058 - TECHNICAL REPRESENTATIVE- COMMUNICATION, DETECTION, AND COHERENT RADIATION EQUIPMENT","San Diego, CA",ev:lrae_navwar_2025-06:row413
req:lrae_navwar_2025-06:N00039-25-RFPREQ-PMW/A-170-0342,need:lrae_navwar_2025-06:N00039-25-RFPREQ-PMW/A-170-0342,lrae_navwar_2025-06,N/A,Sole Source,Fixed-Price,Delivery Order/Task Order (not under Federal Supply Schedule Contract),FY25,Q3,FY25,Q4,TBD,TBD - TBD,TBD - TBD,"San Diego, CA",ev:lrae_navwar_2025-06:row415
req:lrae_navwar_2025-06:N00039-25-RFPREQ-PMW-750-0034,need:lrae_navwar_2025-06:N00039-25-RFPREQ-PMW-750-0034,lrae_navwar_2025-06,TO Value Increase,Sole Source,Cost-Reimbursement,Single-Award Indefinite-Delivery,TBD,TBD,FY25,Q3,TBD,541330 - Engineering Services,L020 - TECHNICAL REPRESENTATIVE- SHIP AND MARINE EQUIPMENT,"San Diego, CA",ev:lrae_navwar_2025-06:row417
req:lrae_navwar_2025-06:N00039-25-RFPREQ-PMW/A-170-0343,need:lrae_navwar_2025-06:N00039-25-RFPREQ-PMW/A-170-0343,lrae_navwar_2025-06,This PID is for the evaluation (and eventual repair) of an AS-4833 Antenna and Dual Amplifier Module and to return these items to the fleet in order to maintain operational readiness.,Sole Source,Fixed-Price,Delivery Order/Task Order (not under Federal Supply Schedule Contract),FY25,Q3,FY25,Q3,TBD,TBD - TBD,TBD - TBD,"San Diego, CA",ev:lrae_navwar_2025-06:row418
req:lrae_navwar_2025-06:N00039-25-RFPREQ-PMW-160-0110,need:lrae_navwar_2025-06:N00039-25-RFPREQ-PMW-160-0110,lrae_navwar_2025-06,RFP9115,Full and Open Competition,Fixed-Price,Delivery Order/Task Order (not under Federal Supply Schedule Contract),TBD,TBD,FY25,Q4,TBD,334290 - Other Communications Equipment Manufacturing,7G21 - IT AND TELECOM - NETWORK: DIGITAL NETWORK PRODUCTS (HARDWARE AND PERPETUAL LICENSE SOFTWARE),"San Diego, CA",ev:lrae_navwar_2025-06:row421
req:lrae_navwar_2025-06:N00039-25-RFPREQ-PMW/A-170-0346,need:lrae_navwar_2025-06:N00039-25-RFPREQ-PMW/A-170-0346,lrae_navwar_2025-06,Modification to Contract N00039-24-D-2000 to definitize pricing for ancillaries for Option Years 3 - 5.,Sole Source,Cost-Reimbursement,Single-Award Indefinite-Delivery,FY25,Q3,FY25,Q4,TBD,334290 - Other Communications Equipment Manufacturing,"5820 - RADIO AND TELEVISION COMMUNICATION EQUIPMENT, EXCEPT AIRBORNE","San Diego, CA",ev:lrae_navwar_2025-06:row422
req:lrae_navwar_2025-06:N00039-26-RFPREQ-PMW-790-0022,need:lrae_navwar_2025-06:N00039-26-RFPREQ-PMW-790-0022,lrae_navwar_2025-06,"To acquire support services Program Management, Acquisition Management, Contract Management, Cybersecurity Engineering, Technical, System Engineering, and administrative support services for the acquisition, life-cycle management, production, engineering, delivery and integration of multiple shore and expeditionary C4I systems.",TBD,Cost-Reimbursement,Single-Award Indefinite-Delivery,FY26,Q4,FY27,Q1,TBD,541330 - Engineering Services,R425 - SUPPORT- PROFESSIONAL: ENGINEERING/TECHNICAL,"San Diego, CA",ev:lrae_navwar_2025-06:row423
req:lrae_navwar_2025-06:N00039-25-RFPREQ-PMW-150-0120,need:lrae_navwar_2025-06:N00039-25-RFPREQ-PMW-150-0120,lrae_navwar_2025-06,Contract MOD to Realign ceiling and Update OY2 FFP pricing.,Sole Source,Fixed-Price,Single-Award Indefinite-Delivery,FY25,Q3,FY25,Q3,TBD,611430 - Professional and Management Development Training,U008 - EDUCATION/TRAINING- TRAINING/CURRICULUM DEVELOPMENT,"San Diego, CA",ev:lrae_navwar_2025-06:row424
req:lrae_navwar_2025-06:N00039-25-RFPREQ-PMW-150-0119,need:lrae_navwar_2025-06:N00039-25-RFPREQ-PMW-150-0119,lrae_navwar_2025-06,Link22 Training Services TO4B,Sole Source,Fixed-Price,Delivery Order/Task Order (not under Federal Supply Schedule Contract),FY25,Q3,FY25,Q3,12,611430 - Professional and Management Development Training,U008 - EDUCATION/TRAINING- TRAINING/CURRICULUM DEVELOPMENT,"San Diego, CA",ev:lrae_navwar_2025-06:row425
req:lrae_navwar_2025-06:N00039-25-RFPREQ-PMW-150-0133,need:lrae_navwar_2025-06:N00039-25-RFPREQ-PMW-150-0133,lrae_navwar_2025-06,Addition of TTNT scope to MOS Mod Production BPA.,Sole Source,Fixed-Price,Blanket Purchase Agreement Call,FY25,Q4,FY26,Q1,TBD,334290 - Other Communications Equipment Manufacturing,5810 - COMMUNICATIONS SECURITY EQUIPMENT AND COMPONENTS,"San Diego, CA",ev:lrae_navwar_2025-06:row427
req:lrae_navwar_2025-06:N00039-25-RFPREQ-PMW-150-0134,need:lrae_navwar_2025-06:N00039-25-RFPREQ-PMW-150-0134,lrae_navwar_2025-06,Addition of TTNT scope to MOS Mod Production BPA.,Sole Source,Fixed-Price,Blanket Purchase Agreement Call,FY25,Q4,FY26,Q1,TBD,334290 - Other Communications Equipment Manufacturing,5810 - COMMUNICATIONS SECURITY EQUIPMENT AND COMPONENTS,"San Diego, CA",ev:lrae_navwar_2025-06:row428
req:lrae_navwar_2025-06:N00039-25-RFPREQ-PMA/PMW-101-0129,need:lrae_navwar_2025-06:N00039-25-RFPREQ-PMA/PMW-101-0129,lrae_navwar_2025-06,n/a,Sole Source,Fixed-Price,Delivery Order/Task Order (not under Federal Supply Schedule Contract),FY25,Q3,FY25,Q4,TBD,TBD - TBD,TBD - TBD,"San Diego, CA",ev:lrae_navwar_2025-06:row429
req:lrae_navwar_2025-06:N00039-25-RFPREQ-PMA/PMW-101-0130,need:lrae_navwar_2025-06:N00039-25-RFPREQ-PMA/PMW-101-0130,lrae_navwar_2025-06,N/A,Sole Source,Fixed-Price,Delivery Order/Task Order (not under Federal Supply Schedule Contract),FY25,Q3,FY25,Q4,TBD,TBD - TBD,TBD - TBD,"San Diego, CA",ev:lrae_navwar_2025-06:row430
req:lrae_navwar_2025-06:N00039-25-RFPREQ-PMA/PMW-101-0133,need:lrae_navwar_2025-06:N00039-25-RFPREQ-PMA/PMW-101-0133,lrae_navwar_2025-06,N/A,Sole Source,Fixed-Price,Delivery Order/Task Order (not under Federal Supply Schedule Contract),FY25,Q3,FY25,Q3,19,334220 - Radio and Television Broadcasting and Wireless Communications Equipment Manufacturing,"7G22 - IT AND TELECOM - NETWORK: SATELLITE AND RF COMMUNICATIONS PRODUCTS (HW, PERPETUAL LICENSE SOFTWARE)","San Diego, CA",ev:lrae_navwar_2025-06:row431
req:lrae_navwar_2025-06:N00039-25-RFPREQ-PMW-150-0130,need:lrae_navwar_2025-06:N00039-25-RFPREQ-PMW-150-0130,lrae_navwar_2025-06,On-Ramp for MOS Mod Production.,Full and Open Competition,Fixed-Price,Blanket Purchase Agreement,TBD,TBD,FY26,Q2,TBD,334220 - Radio and Television Broadcasting and Wireless Communications Equipment Manufacturing,5811 - OTHER CRYPTOLOGIC EQUIPMENT AND COMPONENTS,"San Diego, CA",ev:lrae_navwar_2025-06:row432
req:lrae_navwar_2025-06:N00039-25-RFPREQ-PMW-150-0132,need:lrae_navwar_2025-06:N00039-25-RFPREQ-PMW-150-0132,lrae_navwar_2025-06,Blanket purchase agreement (BPA) order of C2P Tech Refresh (TR) units.,Full and Open Competition,Fixed-Price,Blanket Purchase Agreement Call,TBD,TBD,FY26,Q2,TBD,334220 - Radio and Television Broadcasting and Wireless Communications Equipment Manufacturing,5811 - OTHER CRYPTOLOGIC EQUIPMENT AND COMPONENTS,"San Diego, CA",ev:lrae_navwar_2025-06:row433
req:lrae_navwar_2025-06:N00039-25-RFPREQ-PMW-160-0111,need:lrae_navwar_2025-06:N00039-25-RFPREQ-PMW-160-0111,lrae_navwar_2025-06,RFP 9116 Procurement of 4 FFG INCOs,Full and Open Competition,Fixed-Price,Delivery Order/Task Order (not under Federal Supply Schedule Contract),TBD,TBD,FY25,Q4,TBD,334290 - Other Communications Equipment Manufacturing,7G21 - IT AND TELECOM - NETWORK: DIGITAL NETWORK PRODUCTS (HARDWARE AND PERPETUAL LICENSE SOFTWARE),"San Diego, CA",ev:lrae_navwar_2025-06:row434
req:lrae_navwar_2025-06:N00039-25-RFPREQ-PMW/A-170-0357,need:lrae_navwar_2025-06:N00039-25-RFPREQ-PMW/A-170-0357,lrae_navwar_2025-06,Fund costs overruns associated with ESRP system overhaul for CVN 78.,Sole Source,Cost-Reimbursement,Single-Award Indefinite-Delivery,TBD,TBD,FY25,Q4,TBD,541330 - Engineering Services,R425 - SUPPORT- PROFESSIONAL: ENGINEERING/TECHNICAL,"San Diego, CA",ev:lrae_navwar_2025-06:row435
req:lrae_navwar_2025-06:N00039-25-RFPREQ-PMW/A-170-0358,need:lrae_navwar_2025-06:N00039-25-RFPREQ-PMW/A-170-0358,lrae_navwar_2025-06,Fund cost overruns associated with TO 23F2008 (Sustainment Initiatives),Sole Source,Cost-Reimbursement,Single-Award Indefinite-Delivery,TBD,TBD,FY25,Q4,TBD,541330 - Engineering Services,R425 - SUPPORT- PROFESSIONAL: ENGINEERING/TECHNICAL,"San Diego, CA",ev:lrae_navwar_2025-06:row436
req:lrae_navwar_2025-06:N00039-25-RFPREQ-PMW-150-0138,need:lrae_navwar_2025-06:N00039-25-RFPREQ-PMW-150-0138,lrae_navwar_2025-06,Blanket Purchase Agreement (BPA) Call order for C2P Tech Refresh (TR) units,Full and Open Competition,Fixed-Price,Blanket Purchase Agreement Call,TBD,TBD,FY26,Q4,TBD,334220 - Radio and Television Broadcasting and Wireless Communications Equipment Manufacturing,5811 - OTHER CRYPTOLOGIC EQUIPMENT AND COMPONENTS,"San Diego, CA",ev:lrae_navwar_2025-06:row437
req:lrae_navwar_2025-06:N00039-25-RFPREQ-PMA/PMW-101-0155,need:lrae_navwar_2025-06:N00039-25-RFPREQ-PMA/PMW-101-0155,lrae_navwar_2025-06,GASE for FMS,Sole Source,TBD,Delivery Order/Task Order (not under Federal Supply Schedule Contract),TBD,TBD,FY25,Q4,TBD,TBD - TBD,"5821 - RADIO AND TELEVISION COMMUNICATION EQUIPMENT, AIRBORNE","San Diego, CA",ev:lrae_navwar_2025-06:row438
req:lrae_navwar_2025-06:N00039-25-RFPREQ-PMA/PMW-101-0154,need:lrae_navwar_2025-06:N00039-25-RFPREQ-PMA/PMW-101-0154,lrae_navwar_2025-06,Lot 14T Taiwan,Sole Source,Fixed-Price,Delivery Order/Task Order (not under Federal Supply Schedule Contract),FY25,Q3,FY26,Q1,TBD,334290 - Other Communications Equipment Manufacturing,"5821 - RADIO AND TELEVISION COMMUNICATION EQUIPMENT, AIRBORNE","San Diego, CA",ev:lrae_navwar_2025-06:row441
req:lrae_navwar_2025-06:N00039-26-RFPREQ-PMW/A-170-0005,need:lrae_navwar_2025-06:N00039-26-RFPREQ-PMW/A-170-0005,lrae_navwar_2025-06,Follow on production OT upon completion of the SMRC OTA.,Sole Source,Fixed-Price,Other Transaction Authority,TBD,TBD,FY27,Q2,TBD,TBD - TBD,TBD - TBD,"San Diego, CA",ev:lrae_navwar_2025-06:row442
req:lrae_navwar_2025-06:N00039-25-RFPREQ-PMW/A-170-0372,need:lrae_navwar_2025-06:N00039-25-RFPREQ-PMW/A-170-0372,lrae_navwar_2025-06,WAMS - special software test event for specific environments.,Sole Source,Cost-Reimbursement,Delivery Order/Task Order (not under Federal Supply Schedule Contract),TBD,TBD,FY25,Q4,TBD,334220 - Radio and Television Broadcasting and Wireless Communications Equipment Manufacturing,7G20 - IT AND TELECOM - NETWORK: ANALOG VOICE PRODUCTS (HARDWARE AND PERPETUAL LICENSE SOFTWARE),"San Diego, CA",ev:lrae_navwar_2025-06:row443
req:lrae_navwar_2025-06:N00039-25-RFPREQ-PMW/A-170-0374,need:lrae_navwar_2025-06:N00039-25-RFPREQ-PMW/A-170-0374,lrae_navwar_2025-06,De-obligate unfunded ceiling for base contract.,Sole Source,TBD,TBD,TBD,TBD,FY25,Q4,TBD,TBD - TBD,L049 - TECHNICAL REPRESENTATIVE- MAINTENANCE AND REPAIR SHOP EQUIPMENT,"San Diego, CA",ev:lrae_navwar_2025-06:row444
req:lrae_navwar_2025-06:N00039-25-RFPREQ-PMA/PMW-101-0158,need:lrae_navwar_2025-06:N00039-25-RFPREQ-PMA/PMW-101-0158,lrae_navwar_2025-06,N/A,Sole Source,Fixed-Price,Delivery Order/Task Order (not under Federal Supply Schedule Contract),FY25,Q3,FY25,Q4,TBD,334220 - Radio and Television Broadcasting and Wireless Communications Equipment Manufacturing,"5821 - RADIO AND TELEVISION COMMUNICATION EQUIPMENT, AIRBORNE","San Diego, CA",ev:lrae_navwar_2025-06:row445
req:lrae_navwar_2025-06:N00039-25-RFPREQ-PMW/A-170-0375,need:lrae_navwar_2025-06:N00039-25-RFPREQ-PMW/A-170-0375,lrae_navwar_2025-06,De-obligate unfunded ceiling for base contract.,Sole Source,Cost-Reimbursement,Single-Award Indefinite-Delivery,TBD,TBD,FY25,Q4,TBD,541330 - Engineering Services,R425 - SUPPORT- PROFESSIONAL: ENGINEERING/TECHNICAL,"San Diego, CA",ev:lrae_navwar_2025-06:row446
